{
  "accuracy": 0.7538157894736842,
  "macro_f1": 0.7413742153767632,
  "weighted_f1": 0.7413742153767632,
  "macro_precision": 0.7903285602618604,
  "macro_recall": 0.7538157894736841,
  "classification_report": {
    "0": {
      "precision": 0.8276414087513341,
      "recall": 0.8163157894736842,
      "f1-score": 0.821939586645469,
      "support": 1900.0
    },
    "1": {
      "precision": 0.887,
      "recall": 0.9336842105263158,
      "f1-score": 0.9097435897435897,
      "support": 1900.0
    },
    "2": {
      "precision": 0.5797705943691345,
      "recall": 0.8778947368421053,
      "f1-score": 0.6983462424115554,
      "support": 1900.0
    },
    "3": {
      "precision": 0.866902237926973,
      "recall": 0.3873684210526316,
      "f1-score": 0.5354674427064388,
      "support": 1900.0
    },
    "accuracy": 0.7538157894736842,
    "macro avg": {
      "precision": 0.7903285602618604,
      "recall": 0.7538157894736841,
      "f1-score": 0.7413742153767632,
      "support": 7600.0
    },
    "weighted avg": {
      "precision": 0.7903285602618603,
      "recall": 0.7538157894736842,
      "f1-score": 0.7413742153767632,
      "support": 7600.0
    }
  },
  "confusion_matrix": [
    [
      1551,
      103,
      185,
      61
    ],
    [
      33,
      1774,
      88,
      5
    ],
    [
      152,
      33,
      1668,
      47
    ],
    [
      138,
      90,
      936,
      736
    ]
  ],
  "mean_confidence": 0.18285204603192765,
  "std_confidence": 0.08807406349343275,
  "mean_confidence_correct": 0.18933266915489383,
  "mean_confidence_incorrect": 0.16300838495684836,
  "experiment_name": "full_ag_news_mpnet_l2",
  "dataset": "ag_news",
  "label_mode": "l2",
  "pipeline_mode": "biencoder",
  "num_samples": 7600,
  "random_seed": 42,
  "biencoder": "sentence-transformers/all-mpnet-base-v2",
  "top_errors": [
    {
      "text": "This week in merger news This week saw three merger deals worth about \\$60 billion--including one that ranks as the largest software merger in history.",
      "true_label": 3,
      "pred_label": 2,
      "confidence": 0.5400994420051575
    },
    {
      "text": "Livewire: Fantasy Sports Leagues Thrive Online (Reuters) Reuters - Take 15 million armchair athletes,\\add a steady stream of statistics and mix in a healthy dollop\\of trash talk. Post it all on the In",
      "true_label": 3,
      "pred_label": 1,
      "confidence": 0.5149352550506592
    },
    {
      "text": "Intuit gets deeper into IT, revamps Quicken The software maker adds a network management application. It also updates its Quicken personal-finance software.",
      "true_label": 3,
      "pred_label": 2,
      "confidence": 0.48740750551223755
    },
    {
      "text": "It #39;s Time for Tech Firms to Bet on Growth Industry leaders have been offering too few innovations and too many marginal upgradesat not-so-marginal prices. There #39;s a joke going around that our ",
      "true_label": 3,
      "pred_label": 2,
      "confidence": 0.46678754687309265
    },
    {
      "text": "Business News for Technology Leaders Microsoft Makes Deal with &lt;b&gt;...&lt;/b&gt; A  quot;landmark agreement quot; between Microsoft and England #39;s Department of Health to renew the agency #39;",
      "true_label": 3,
      "pred_label": 2,
      "confidence": 0.4608340561389923
    },
    {
      "text": "Stocks Climb on Strong Economic Data NEW YORK - Newly optimistic investors sent stocks sharply higher Friday, propelling the Dow Jones industrials up more than 100 points, after economic data showed s",
      "true_label": 0,
      "pred_label": 2,
      "confidence": 0.45833820104599
    },
    {
      "text": "Indonesian diplomats asked to help improve RI #39;s bad image JAKARTA (Antara): President Susilo Yudhoyono asked Indonesian diplomats on Monday to help the government improve Indonesia #39;s bad image",
      "true_label": 2,
      "pred_label": 0,
      "confidence": 0.45669203996658325
    },
    {
      "text": "On Google's Horizon ... Microsoft (washingtonpost.com) washingtonpost.com - Careful followers of search-engine giant Google surely took note this morning of reports that the company is reiterating an ",
      "true_label": 3,
      "pred_label": 2,
      "confidence": 0.4450085163116455
    },
    {
      "text": "Trust Digital Gets CEO, Cash Influx Trust Digital Inc., a McLean software company, is getting a new chief executive and \\$3.1 million in new investments as it tries to expand its business making secur",
      "true_label": 3,
      "pred_label": 2,
      "confidence": 0.43875083327293396
    },
    {
      "text": "TheStreet.com May Be Up for Sale -- Report (Reuters) Reuters - TheStreet.com Inc. , the\\financial news and commentary Web site, may be up for sale,\\according to a report in Business Week, sparking a 7",
      "true_label": 3,
      "pred_label": 2,
      "confidence": 0.4380272328853607
    },
    {
      "text": "Stocks Close Higher on Brokerage Earnings NEW YORK - Stocks dashed higher Tuesday as investors welcomed strong earnings from financial services companies, upbeat economic data and some reassuring news",
      "true_label": 0,
      "pred_label": 2,
      "confidence": 0.4251200258731842
    },
    {
      "text": "Apple offers 2004 financial details Apple's latest Form 10-K filing with the Securities and Exchange Commission offers a look at how the company did this past year, how it thinks it's doing and what's",
      "true_label": 3,
      "pred_label": 2,
      "confidence": 0.42312896251678467
    },
    {
      "text": "Cisco Bolsters Its Security Story The move won #39;t have raised many eyebrows. Security is a hot market in which Cisco already has a strong grip in the enterprise space, and the vendor giant has alre",
      "true_label": 3,
      "pred_label": 2,
      "confidence": 0.4212736487388611
    },
    {
      "text": "Turkey eyes \\$15 billion investment years ANKARA: Turkey is hoping to attract \\$15 billion of foreign investment between 2005 and 2007 through reforms designed to overhaul its economy and ease the cou",
      "true_label": 0,
      "pred_label": 2,
      "confidence": 0.4168456196784973
    },
    {
      "text": "Microsoft CFO: Expect more acquisitions Microsoft may seek to become a more distributed company as it eyes future large acquisitions, CFO John Connors said yesterday.",
      "true_label": 3,
      "pred_label": 2,
      "confidence": 0.415345162153244
    },
    {
      "text": "Dow Jones Agrees to Buy MarketWatch in \\$519 Million Deal Dow Jones   Company, the publisher of The Wall Street Journal, has agreed to buy MarketWatch, the parent company of the financial news Web sit",
      "true_label": 0,
      "pred_label": 2,
      "confidence": 0.41450634598731995
    },
    {
      "text": "Search Engine Marketing: Outsource or In House? Search Engine Marketing: Outsource or In House?\\\\The next Search Engine Strategies session I thought would be interesting to report on was Search Engine",
      "true_label": 3,
      "pred_label": 2,
      "confidence": 0.40653103590011597
    },
    {
      "text": "Lackluster Jobs Report Pushes Stocks Down NEW YORK - Investors pushed stocks lower Friday as a surprisingly lackluster job creation report deepened Wall Street's pessimism over the health of the econo",
      "true_label": 0,
      "pred_label": 2,
      "confidence": 0.40296030044555664
    },
    {
      "text": "Shareholders Approve Aether Changeover Shareholders approved Aether Systems Inc.'s sale of one of its two remaining operating divisions Wednesday, a deal that will take the Owings Mills company out of",
      "true_label": 3,
      "pred_label": 2,
      "confidence": 0.40085160732269287
    },
    {
      "text": "Regulators Let Cingular Buy AT T Wireless The \\$41 billion merger between Cingular Wireless LLC and AT T Wireless Services Inc. won approval from the Federal Communications Commission Friday, accordin",