{
  "accuracy": 0.7657894736842106,
  "macro_f1": 0.7622877796996904,
  "weighted_f1": 0.7622877796996904,
  "macro_precision": 0.7785215476411289,
  "macro_recall": 0.7657894736842106,
  "classification_report": {
    "0": {
      "precision": 0.8303293971410814,
      "recall": 0.7031578947368421,
      "f1-score": 0.7614705044172129,
      "support": 1900.0
    },
    "1": {
      "precision": 0.8891079349433219,
      "recall": 0.9494736842105264,
      "f1-score": 0.9182998218376177,
      "support": 1900.0
    },
    "2": {
      "precision": 0.6278618548700039,
      "recall": 0.8515789473684211,
      "f1-score": 0.7228054500781773,
      "support": 1900.0
    },
    "3": {
      "precision": 0.7667870036101083,
      "recall": 0.5589473684210526,
      "f1-score": 0.6465753424657534,
      "support": 1900.0
    },
    "accuracy": 0.7657894736842106,
    "macro avg": {
      "precision": 0.7785215476411289,
      "recall": 0.7657894736842106,
      "f1-score": 0.7622877796996904,
      "support": 7600.0
    },
    "weighted avg": {
      "precision": 0.7785215476411289,
      "recall": 0.7657894736842106,
      "f1-score": 0.7622877796996904,
      "support": 7600.0
    }
  },
  "confusion_matrix": [
    [
      1336,
      139,
      247,
      178
    ],
    [
      18,
      1804,
      48,
      30
    ],
    [
      142,
      25,
      1618,
      115
    ],
    [
      113,
      61,
      664,
      1062
    ]
  ],
  "mean_confidence": 0.7572330313136703,
  "std_confidence": 0.017923858510266434,
  "mean_confidence_correct": 0.7569094735834607,
  "mean_confidence_incorrect": 0.7582909560270523,
  "experiment_name": "full_ag_news_e5_l3",
  "dataset": "ag_news",
  "label_mode": "l3",
  "pipeline_mode": "biencoder",
  "num_samples": 7600,
  "random_seed": 42,
  "biencoder": "intfloat/multilingual-e5-large",
  "top_errors": [
    {
      "text": "Let a Thousand Ideas Flower: China Is a New Hotbed of Research In recent years, hundreds of multinational companies have set up research laboratories in China.",
      "true_label": 2,
      "pred_label": 3,
      "confidence": 0.8213430643081665
    },
    {
      "text": "This week in merger news This week saw three merger deals worth about \\$60 billion--including one that ranks as the largest software merger in history.",
      "true_label": 3,
      "pred_label": 2,
      "confidence": 0.8194504976272583
    },
    {
      "text": "'Cities in crisis' leaders warn World leaders warn that rapid urbanisation will become one of the biggest challenges of the 21st Century.",
      "true_label": 3,
      "pred_label": 0,
      "confidence": 0.818594217300415
    },
    {
      "text": "Does Nick Carr matter? Strategybusiness concludes that a controversial new book on the strategic value of information technology is flawed--but correct.\\",
      "true_label": 3,
      "pred_label": 2,
      "confidence": 0.8183424472808838
    },
    {
      "text": "Biography of a Worm Can anything stop the next global virus outbreak? We follow the trail of one recent worm to see how the security system works--and whether it can be fixed.",
      "true_label": 3,
      "pred_label": 0,
      "confidence": 0.8174029588699341
    },
    {
      "text": "Alternative Energy: Ready or not? Even with a boost from higher oil prices and growing concern about global warming, the payoff on most alternative energy technologies seems a ways off.",
      "true_label": 2,
      "pred_label": 3,
      "confidence": 0.8163724541664124
    },
    {
      "text": "Icing call Out of money, out of patience, out of time, and for the foreseeable future, out of business.",
      "true_label": 1,
      "pred_label": 2,
      "confidence": 0.8137356638908386
    },
    {
      "text": "Internet Pharmacies: Good or Bad? An investigation into the practice of Internet Pharmacies and how they are changing the U.S. pharmaceutical industry.",
      "true_label": 3,
      "pred_label": 2,
      "confidence": 0.8123330473899841
    },
    {
      "text": "Ofcom's review of telecoms due this week &lt;strong&gt;Analysis&lt;/strong&gt; That'll be the circus in town, then",
      "true_label": 3,
      "pred_label": 2,
      "confidence": 0.8121088147163391
    },
    {
      "text": "Washington Contractors' Sales Increase Companies that provide federal agencies with network integration and payroll accounting technologies are benefiting from a government trying to bolster its defen",
      "true_label": 3,
      "pred_label": 2,
      "confidence": 0.8120632171630859
    },
    {
      "text": "Tech Giants Declare, 'United We Stand' Tough times often make for strange bedfellows, and the explosion of viruses, computer worms and spyware programs on the Internet is producing unique alliances am",
      "true_label": 3,
      "pred_label": 2,
      "confidence": 0.8094329833984375
    },
    {
      "text": "Surviving Biotech's Downturns Charly Travers offers advice on withstanding the volatility of the biotech sector.",
      "true_label": 2,
      "pred_label": 3,
      "confidence": 0.8089439868927002
    },
    {
      "text": "Digital home entertainment hits the road Theater-quality entertainment systems are coming to the car. Is rush hour ready for wireless file swapping?\\&lt;br /&gt; Photo gallery: Consumer gear takes a t",
      "true_label": 3,
      "pred_label": 2,
      "confidence": 0.8087111115455627
    },
    {
      "text": "Will Hutton There were two stories last week that will have world-shaping implications. The first was in a Paris hospital and a compound in Ramallah.",
      "true_label": 2,
      "pred_label": 0,
      "confidence": 0.8079136610031128
    },
    {
      "text": "It #39;s Time for Tech Firms to Bet on Growth Industry leaders have been offering too few innovations and too many marginal upgradesat not-so-marginal prices. There #39;s a joke going around that our ",
      "true_label": 3,
      "pred_label": 2,
      "confidence": 0.8077386021614075
    },
    {
      "text": "Stocks Climb on Strong Economic Data NEW YORK - Newly optimistic investors sent stocks sharply higher Friday, propelling the Dow Jones industrials up more than 100 points, after economic data showed s",
      "true_label": 0,
      "pred_label": 2,
      "confidence": 0.8075069189071655
    },
    {
      "text": "Playing with the traumas of war Are games based on the Vietnam conflict making us immune to realities of history?",
      "true_label": 3,
      "pred_label": 0,
      "confidence": 0.8074909448623657
    },
    {
      "text": "Hall of Shame   Hall of Fame We spotlight people and products that pester us...and the heroes saving us from annoyances.",
      "true_label": 3,
      "pred_label": 1,
      "confidence": 0.8065626621246338
    },
    {
      "text": "FSB FUD over FOI, you cry &lt;strong&gt;Letters&lt;/strong&gt; The postbag, and your miscellaneous musings",
      "true_label": 3,
      "pred_label": 0,
      "confidence": 0.8061683177947998
    },
    {
      "text": "Stand Aside, Rudolph: The Mouse Will Lead A list of some of the best holiday gifts, based on taste, appearance or utility, available on the Web.",
      "true_label": 3,
      "pred_label": 1,
      "confidence": 0.8060178756713867
    }
  ]
}