{
  "accuracy": 0.7531578947368421,
  "macro_f1": 0.7493124985001034,
  "weighted_f1": 0.7493124985001033,
  "macro_precision": 0.7545345713248429,
  "macro_recall": 0.753157894736842,
  "classification_report": {
    "0": {
      "precision": 0.7326076668244202,
      "recall": 0.8147368421052632,
      "f1-score": 0.7714926488911039,
      "support": 1900.0
    },
    "1": {
      "precision": 0.878727634194831,
      "recall": 0.9305263157894736,
      "f1-score": 0.9038854805725971,
      "support": 1900.0
    },
    "2": {
      "precision": 0.6469159786304031,
      "recall": 0.7010526315789474,
      "f1-score": 0.6728971962616822,
      "support": 1900.0
    },
    "3": {
      "precision": 0.7598870056497176,
      "recall": 0.5663157894736842,
      "f1-score": 0.6489746682750301,
      "support": 1900.0
    },
    "accuracy": 0.7531578947368421,
    "macro avg": {
      "precision": 0.7545345713248429,
      "recall": 0.753157894736842,
      "f1-score": 0.7493124985001034,
      "support": 7600.0
    },
    "weighted avg": {
      "precision": 0.754534571324843,
      "recall": 0.7531578947368421,
      "f1-score": 0.7493124985001033,
      "support": 7600.0
    }
  },
  "confusion_matrix": [
    [
      1548,
      106,
      150,
      96
    ],
    [
      49,
      1768,
      55,
      28
    ],
    [
      321,
      31,
      1332,
      216
    ],
    [
      195,
      107,
      522,
      1076
    ]
  ],
  "mean_confidence": 0.20262116832009175,
  "std_confidence": 0.08225577746767937,
  "mean_confidence_correct": 0.20660799533141103,
  "mean_confidence_incorrect": 0.1904566705520791,
  "experiment_name": "full_ag_news_mpnet_l3",
  "dataset": "ag_news",
  "label_mode": "l3",
  "pipeline_mode": "biencoder",
  "num_samples": 7600,
  "random_seed": 42,
  "biencoder": "sentence-transformers/all-mpnet-base-v2",
  "top_errors": [
    {
      "text": "Boeing, Airbus competition escalates into trade war A decades-long struggle between the world's two largest aircraft makers escalated into a trade war between the United States and Europe, just as Fra",
      "true_label": 2,
      "pred_label": 0,
      "confidence": 0.5708059072494507
    },
    {
      "text": "Livewire: Fantasy Sports Leagues Thrive Online (Reuters) Reuters - Take 15 million armchair athletes,\\add a steady stream of statistics and mix in a healthy dollop\\of trash talk. Post it all on the In",
      "true_label": 3,
      "pred_label": 1,
      "confidence": 0.563256025314331
    },
    {
      "text": "Trading blows When a can of worms is opened, all manner of slimy things crawl out. So it was when the US government fired the first shots in a fusillade against the European Union - by complaining to ",
      "true_label": 2,
      "pred_label": 0,
      "confidence": 0.5496184825897217
    },
    {
      "text": "New trade war erupts over Boeing, Airbus A decades-long struggle between the world #39;s two largest aircraft makers escalated into a new trade war between the United States and Europe, just as France",
      "true_label": 2,
      "pred_label": 0,
      "confidence": 0.5344432592391968
    },
    {
      "text": "Let a Thousand Ideas Flower: China Is a New Hotbed of Research In recent years, hundreds of multinational companies have set up research laboratories in China.",
      "true_label": 2,
      "pred_label": 3,
      "confidence": 0.4926457405090332
    },
    {
      "text": "WTO Sanctions on US Exports Widens Gap in Congress Angry over unfair subsidies paid to US companies from tariffs collected on goods imported here, the WTO has widened the gap with Congress by imposing",
      "true_label": 2,
      "pred_label": 0,
      "confidence": 0.48223310708999634
    },
    {
      "text": "This week in merger news This week saw three merger deals worth about \\$60 billion--including one that ranks as the largest software merger in history.",
      "true_label": 3,
      "pred_label": 2,
      "confidence": 0.45746782422065735
    },
    {
      "text": "Does Nick Carr matter? Strategybusiness concludes that a controversial new book on the strategic value of information technology is flawed--but correct.\\",
      "true_label": 3,
      "pred_label": 2,
      "confidence": 0.4547498822212219
    },
    {
      "text": "Research Is Definitely in Motion The Blackberry wireless device maker is straining to exceed expectations.",
      "true_label": 2,
      "pred_label": 3,
      "confidence": 0.4505913257598877
    },
    {
      "text": "Intuit gets deeper into IT, revamps Quicken The software maker adds a network management application. It also updates its Quicken personal-finance software.",
      "true_label": 3,
      "pred_label": 2,
      "confidence": 0.4450981914997101
    },
    {
      "text": "Stocks Climb on Strong Economic Data NEW YORK - Newly optimistic investors sent stocks sharply higher Friday, propelling the Dow Jones industrials up more than 100 points, after economic data showed s",
      "true_label": 0,
      "pred_label": 2,
      "confidence": 0.443554550409317
    },
    {
      "text": "U.N. Urges Funds to Curb African Locusts (AP) AP - With swarms of locusts threatening crops in a number of African countries, a U.N. agency appealed for an additional  #36;70 million in assistance Thu",
      "true_label": 3,
      "pred_label": 0,
      "confidence": 0.4401363134384155
    },
    {
      "text": "Oil Prices, Earnings Send Stocks Lower NEW YORK - Investors sent stocks lower Tuesday as oil prices crossed another milestone, \\$54 per barrel. Earnings reports from heavyweights Johnson   Johnson and",
      "true_label": 0,
      "pred_label": 2,
      "confidence": 0.4377262592315674
    },
    {
      "text": "Turkey eyes \\$15 billion investment years ANKARA: Turkey is hoping to attract \\$15 billion of foreign investment between 2005 and 2007 through reforms designed to overhaul its economy and ease the cou",
      "true_label": 0,
      "pred_label": 2,
      "confidence": 0.43563640117645264
    },
    {
      "text": "Plus: Cendant reported to buy Ebookers SAN FRANCISCO (CBS.MW) -- Not only did the word  quot;blog quot; enter Merriam-Webster #39;s dictionary this year, but Microsoft is getting on the personalized e",
      "true_label": 3,
      "pred_label": 2,
      "confidence": 0.43547606468200684
    },
    {
      "text": "Lackluster Jobs Report Pushes Stocks Down NEW YORK - Investors pushed stocks lower Friday as a surprisingly lackluster job creation report deepened Wall Street's pessimism over the health of the econo",
      "true_label": 0,
      "pred_label": 2,
      "confidence": 0.4328053295612335
    },
    {
      "text": "TheStreet.com May Be Up for Sale -- Report (Reuters) Reuters - TheStreet.com Inc. , the\\financial news and commentary Web site, may be up for sale,\\according to a report in Business Week, sparking a 7",
      "true_label": 3,
      "pred_label": 2,
      "confidence": 0.431577205657959
    },
    {
      "text": "Trust Digital Gets CEO, Cash Influx Trust Digital Inc., a McLean software company, is getting a new chief executive and \\$3.1 million in new investments as it tries to expand its business making secur",
      "true_label": 3,
      "pred_label": 2,
      "confidence": 0.4278671443462372
    },
    {
      "text": "Alternative Energy: Ready or not? Even with a boost from higher oil prices and growing concern about global warming, the payoff on most alternative energy technologies seems a ways off.",
      "true_label": 2,
      "pred_label": 3,
      "confidence": 0.4273641109466553
    },
    {
      "text": "US, Allies Far Apart on Iraq Debt Relief WASHINGTON Oct. 2, 2004 - The United States and its major economic allies struggled Saturday to resolve deep differences over how best to relieve the heavy deb",
      "true_label": 2,
      "pred_label": 0,
      "confidence": 0.4207373857498169
    }
  ]
}