dataset,num_classes,avg_text_length,label_similarity,mean_macro_f1
20 Newsgroups,20,1081.509500,0.021592,54.948790
AG News,4,238.023000,0.018719,80.905105
Banking77,77,55.023000,0.068470,65.621656
DBpedia-14,14,288.024000,0.022370,78.012464
GoEmotions,28,67.080000,0.024033,18.670470
IMDB,2,1215.520000,0.232980,82.036583
SST-2,2,105.841743,0.232980,81.824964
Yahoo Answers,10,58.011000,0.063572,48.920845
Twitter Financial,3,87.889000,0.118614,52.873766
