dataset,num_classes,avg_text_length,label_similarity
20 Newsgroups,20,1081.5095,0.021592466921107722
AG News,4,238.023,0.01871881388190794
Banking77,77,55.023,0.06846968994193676
DBpedia-14,14,288.024,0.02236952117421729
GoEmotions,28,67.08,0.02403331178604041
IMDB,2,1215.52,0.23297965480487526
SST-2,2,105.84174311926606,0.23297965480487526
Yahoo Answers,10,58.011,0.06357243770889036
Twitter Financial,3,87.889,0.1186143920246492
