{
  "accuracy": 0.645,
  "macro_f1": 0.6145804432091022,
  "weighted_f1": 0.6212722557451477,
  "macro_precision": 0.6455866553802118,
  "macro_recall": 0.6454662414764137,
  "classification_report": {
    "0": {
      "precision": 0.7377049180327869,
      "recall": 0.5113636363636364,
      "f1-score": 0.6040268456375839,
      "support": 88.0
    },
    "1": {
      "precision": 0.6198347107438017,
      "recall": 0.9036144578313253,
      "f1-score": 0.7352941176470589,
      "support": 83.0
    },
    "2": {
      "precision": 0.65,
      "recall": 0.5064935064935064,
      "f1-score": 0.5693430656934306,
      "support": 77.0
    },
    "3": {
      "precision": 0.7468354430379747,
      "recall": 0.921875,
      "f1-score": 0.8251748251748252,
      "support": 64.0
    },
    "4": {
      "precision": 0.8271604938271605,
      "recall": 0.8271604938271605,
      "f1-score": 0.8271604938271605,
      "support": 81.0
    },
    "5": {
      "precision": 0.4,
      "recall": 0.15625,
      "f1-score": 0.2247191011235955,
      "support": 64.0
    },
    "6": {
      "precision": 0.5238095238095238,
      "recall": 0.43137254901960786,
      "f1-score": 0.4731182795698925,
      "support": 51.0
    },
    "7": {
      "precision": 0.5045045045045045,
      "recall": 0.7,
      "f1-score": 0.5863874345549738,
      "support": 80.0
    },
    "8": {
      "precision": 0.47368421052631576,
      "recall": 0.75,
      "f1-score": 0.5806451612903226,
      "support": 48.0
    },
    "9": {
      "precision": 0.7368421052631579,
      "recall": 0.4057971014492754,
      "f1-score": 0.5233644859813084,
      "support": 69.0
    },
    "10": {
      "precision": 0.7816091954022989,
      "recall": 0.8717948717948718,
      "f1-score": 0.8242424242424242,
      "support": 78.0
    },
    "11": {
      "precision": 0.49122807017543857,
      "recall": 0.9655172413793104,
      "f1-score": 0.6511627906976745,
      "support": 58.0
    },
    "12": {
      "precision": 0.825,
      "recall": 0.868421052631579,
      "f1-score": 0.8461538461538461,
      "support": 76.0
    },
    "13": {
      "precision": 0.72,
      "recall": 0.21686746987951808,
      "f1-score": 0.3333333333333333,
      "support": 83.0
    },
    "accuracy": 0.645,
    "macro avg": {
      "precision": 0.6455866553802118,
      "recall": 0.6454662414764137,
      "f1-score": 0.6145804432091022,
      "support": 1000.0
    },
    "weighted avg": {
      "precision": 0.6593821208876731,
      "recall": 0.645,
      "f1-score": 0.6212722557451477,
      "support": 1000.0
    }
  },
  "confusion_matrix": [
    [
      45,
      11,
      1,
      3,
      0,
      9,
      1,
      4,
      3,
      0,
      0,
      8,
      3,
      0
    ],
    [
      1,
      75,
      0,
      1,
      0,
      0,
      1,
      1,
      3,
      0,
      1,
      0,
      0,
      0
    ],
    [
      0,
      1,
      39,
      3,
      5,
      0,
      1,
      1,
      0,
      0,
      0,
      22,
      2,
      3
    ],
    [
      0,
      0,
      4,
      59,
      1,
      0,
      0,
      0,
      0,
      0,
      0,
      0,
      0,
      0
    ],
    [
      0,
      5,
      3,
      2,
      67,
      0,
      0,
      0,
      3,
      1,
      0,
      0,
      0,
      0
    ],
    [
      9,
      6,
      3,
      3,
      1,
      10,
      13,
      2,
      2,
      2,
      0,
      6,
      5,
      2
    ],
    [
      1,
      4,
      2,
      0,
      3,
      1,
      22,
      8,
      9,
      0,
      0,
      0,
      0,
      1
    ],
    [
      1,
      6,
      0,
      1,
      1,
      2,
      1,
      56,
      11,
      0,
      0,
      1,
      0,
      0
    ],
    [
      1,
      3,
      0,
      0,
      1,
      0,
      0,
      7,
      36,
      0,
      0,
      0,
      0,
      0
    ],
    [
      0,
      0,
      0,
      1,
      1,
      1,
      0,
      21,
      3,
      28,
      14,
      0,
      0,
      0
    ],
    [
      0,
      0,
      0,
      0,
      0,
      0,
      0,
      8,
      2,
      0,
      68,
      0,
      0,
      0
    ],
    [
      0,
      1,
      0,
      0,
      0,
      0,
      0,
      0,
      0,
      0,
      0,
      56,
      1,
      0
    ],
    [
      0,
      2,
      0,
      3,
      0,
      0,
      0,
      0,
      0,
      2,
      0,
      2,
      66,
      1
    ],
    [
      3,
      7,
      8,
      3,
      1,
      2,
      3,
      3,
      4,
      5,
      4,
      19,
      3,
      18
    ]
  ],
  "mean_confidence": 0.17623580283205956,
  "std_confidence": 0.06258459375450062,
  "mean_confidence_correct": 0.1880172045136145,
  "mean_confidence_incorrect": 0.1548301575233189,
  "experiment_name": "exp_dbpedia_14_mpnet_l2_anchored",
  "dataset": "dbpedia_14",
  "label_mode": "l2_anchored",
  "pipeline_mode": "biencoder",
  "num_samples": 1000,
  "random_seed": 42,
  "biencoder": "sentence-transformers/all-mpnet-base-v2",
  "top_errors": [
    {
      "text": " The World's Greatest Athlete is a 1973 American feature film released by Walt Disney Productions. It starred John Amos Roscoe Lee Browne Tim Conway Dayle Haddon and Jan-Michael Vincent. It is one of ",
      "true_label": 12,
      "pred_label": 3,
      "confidence": 0.44686514139175415
    },
    {
      "text": " Bird migration is the regular seasonal movement often north and south along a flyway between breeding and wintering grounds undertaken by many species of birds. Migration which carries high costs in ",
      "true_label": 9,
      "pred_label": 5,
      "confidence": 0.39678695797920227
    },
    {
      "text": " Marc Béziat (born September 12 1975 in Aix en Provence France) is a music composer.Béziat has always been a music enthusiast he began his career as a composer at the age of 28.To assess the competenc",
      "true_label": 2,
      "pred_label": 11,
      "confidence": 0.34641948342323303
    },
    {
      "text": " The Littlehampton Community School (normally abbreviated to LCS) was a large mixed gender community comprehensive school located at the edge of Littlehampton in West Sussex England and was the main s",
      "true_label": 1,
      "pred_label": 8,
      "confidence": 0.3272300958633423
    },
    {
      "text": " Wes Benscoter is an American artist who is best known for his work album covers especially heavy metal albums. He also has made covers for magazines and books and shirt designs and his art is feature",
      "true_label": 2,
      "pred_label": 11,
      "confidence": 0.3255630135536194
    },
    {
      "text": " Champs Sports is a sports retail store that is a subsidiary of Foot Locker Inc.. Products sold at Champs Sports include apparel equipment footwear and accessories. As of March 2013 there are 552 stor",
      "true_label": 0,
      "pred_label": 3,
      "confidence": 0.31966930627822876
    },
    {
      "text": " Bonsound is a Montreal-based company that manages books and promotes music. Bonsound also houses three records labels: Bonsound Records Blow The Fuse Records and Proxenett.",
      "true_label": 0,
      "pred_label": 11,
      "confidence": 0.3119640052318573
    },
    {
      "text": " For Rent: One Grammy One Gramps is a young adult fiction novel by Ivy Duffy Doherty published 1982.",
      "true_label": 13,
      "pred_label": 11,
      "confidence": 0.3116857409477234
    },
    {
      "text": " The Art of Dreaming is a book written by anthropologist Carlos Castaneda and published in 1993. It purportedly describes the events that took place during an apprenticeship with a self-proclaimed Yaq",
      "true_label": 13,
      "pred_label": 2,
      "confidence": 0.302456259727478
    },
    {
      "text": " North Becket Village Historic District is a historic district encompassing the historic village of North Becket in the Berkshire hill town of Becket Massachusetts. The district encompasses 40 acres (",
      "true_label": 6,