{
  "accuracy": 0.5725,
  "macro_f1": 0.5526558478923075,
  "weighted_f1": 0.5649869252048767,
  "macro_precision": 0.5670195351877794,
  "macro_recall": 0.5604239900389205,
  "classification_report": {
    "0": {
      "precision": 0.46808510638297873,
      "recall": 0.46808510638297873,
      "f1-score": 0.46808510638297873,
      "support": 94.0
    },
    "1": {
      "precision": 0.5446428571428571,
      "recall": 0.5865384615384616,
      "f1-score": 0.5648148148148148,
      "support": 104.0
    },
    "2": {
      "precision": 0.5357142857142857,
      "recall": 0.2857142857142857,
      "f1-score": 0.37267080745341613,
      "support": 105.0
    },
    "3": {
      "precision": 0.39344262295081966,
      "recall": 0.7272727272727273,
      "f1-score": 0.5106382978723404,
      "support": 99.0
    },
    "4": {
      "precision": 0.5555555555555556,
      "recall": 0.39603960396039606,
      "f1-score": 0.4624277456647399,
      "support": 101.0
    },
    "5": {
      "precision": 0.5314685314685315,
      "recall": 0.7378640776699029,
      "f1-score": 0.6178861788617886,
      "support": 103.0
    },
    "6": {
      "precision": 0.5894736842105263,
      "recall": 0.49557522123893805,
      "f1-score": 0.5384615384615384,
      "support": 113.0
    },
    "7": {
      "precision": 0.6444444444444445,
      "recall": 0.6236559139784946,
      "f1-score": 0.6338797814207651,
      "support": 93.0
    },
    "8": {
      "precision": 0.6363636363636364,
      "recall": 0.6176470588235294,
      "f1-score": 0.6268656716417911,
      "support": 102.0
    },
    "9": {
      "precision": 0.8369565217391305,
      "recall": 0.8191489361702128,
      "f1-score": 0.8279569892473119,
      "support": 94.0
    },
    "10": {
      "precision": 0.8717948717948718,
      "recall": 0.9107142857142857,
      "f1-score": 0.8908296943231441,
      "support": 112.0
    },
    "11": {
      "precision": 0.7011494252873564,
      "recall": 0.648936170212766,
      "f1-score": 0.6740331491712708,
      "support": 94.0
    },
    "12": {
      "precision": 0.5,
      "recall": 0.24770642201834864,
      "f1-score": 0.3312883435582822,
      "support": 109.0
    },
    "13": {
      "precision": 0.7171717171717171,
      "recall": 0.6513761467889908,
      "f1-score": 0.6826923076923077,
      "support": 109.0
    },
    "14": {
      "precision": 0.7590361445783133,
      "recall": 0.5575221238938053,
      "f1-score": 0.6428571428571429,
      "support": 113.0
    },
    "15": {
      "precision": 0.636986301369863,
      "recall": 0.8230088495575221,
      "f1-score": 0.7181467181467182,
      "support": 113.0
    },
    "16": {
      "precision": 0.4632352941176471,
      "recall": 0.6237623762376238,
      "f1-score": 0.5316455696202531,
      "support": 101.0
    },
    "17": {
      "precision": 0.6216216216216216,
      "recall": 0.7263157894736842,
      "f1-score": 0.6699029126213593,
      "support": 95.0
    },
    "18": {
      "precision": 0.2391304347826087,
      "recall": 0.15492957746478872,
      "f1-score": 0.18803418803418803,
      "support": 71.0
    },
    "19": {
      "precision": 0.09411764705882353,
      "recall": 0.10666666666666667,
      "f1-score": 0.1,
      "support": 75.0
    },
    "accuracy": 0.5725,
    "macro avg": {
      "precision": 0.5670195351877794,
      "recall": 0.5604239900389205,
      "f1-score": 0.5526558478923075,
      "support": 2000.0
    },
    "weighted avg": {
      "precision": 0.5803360693049309,
      "recall": 0.5725,
      "f1-score": 0.5649869252048767,
      "support": 2000.0
    }
  },
  "confusion_matrix": [
    [
      44,
      0,
      1,
      0,
      0,
      0,
      0,
      0,
      2,
      1,
      1,
      3,
      0,
      2,
      5,
      13,
      4,
      6,
      3,
      9
    ],
    [
      1,
      61,
      3,
      14,
      4,
      4,
      1,
      0,
      1,
      0,
      0,
      6,
      1,
      2,
      1,
      0,
      0,
      0,
      4,
      1
    ],
    [
      0,
      9,
      30,
      13,
      2,
      44,
      1,
      0,
      0,
      0,
      1,
      0,
      1,
      2,
      0,
      0,
      0,
      0,
      0,
      2
    ],
    [
      0,
      2,
      4,
      72,
      10,
      6,
      2,
      0,
      0,
      0,
      0,
      0,
      1,
      0,
      0,
      0,
      0,
      0,
      0,
      2
    ],
    [
      0,
      9,
      0,
      31,
      40,
      2,
      4,
      1,
      1,
      1,
      0,
      0,
      8,
      0,
      0,
      0,
      0,
      0,
      0,
      4
    ],
    [
      0,
      6,
      4,
      10,
      2,
      76,
      3,
      0,
      0,
      0,
      1,
      0,
      0,
      0,
      0,
      0,
      0,
      0,
      0,
      1
    ],
    [
      0,
      4,
      2,
      21,
      7,
      2,
      56,
      2,
      7,
      0,
      2,
      0,
      3,
      0,
      0,
      0,
      1,
      1,
      0,
      5
    ],
    [
      0,
      0,
      0,
      2,
      0,
      0,
      3,
      58,
      16,
      1,
      1,
      1,
      2,
      1,
      0,
      0,
      2,
      0,
      0,
      6
    ],
    [
      1,
      0,
      1,
      1,
      0,
      0,
      2,
      13,
      63,
      1,
      2,
      1,
      2,
      2,
      1,
      1,
      4,
      0,
      2,
      5
    ],
    [
      2,
      1,
      0,
      1,
      0,
      0,
      1,
      0,
      0,
      77,
      3,
      0,
      0,
      2,
      0,
      0,
      0,
      0,
      2,
      5
    ],
    [
      0,
      0,
      0,
      0,
      0,
      0,
      0,
      0,
      1,
      3,
      102,
      0,
      0,
      0,
      0,
      0,
      1,
      0,
      3,
      2
    ],
    [
      3,
      1,
      3,
      1,
      0,
      0,
      1,
      0,
      0,
      0,
      0,
      61,
      1,
      0,
      0,
      0,
      15,
      3,
      4,
      1
    ],
    [
      0,
      13,
      3,
      14,
      4,
      2,
      10,
      9,
      6,
      2,
      2,
      6,
      27,
      1,
      1,
      0,
      1,
      3,
      2,
      3
    ],
    [
      3,
      3,
      2,
      0,
      1,
      0,
      4,
      1,
      0,
      0,
      1,
      4,
      1,
      71,
      5,
      2,
      3,
      0,
      1,
      7
    ],
    [
      1,
      3,
      1,
      1,
      2,
      5,
      4,
      3,
      0,
      1,
      0,
      1,
      6,
      6,
      63,
      1,
      3,
      3,
      5,
      4
    ],
    [
      8,
      0,
      0,
      1,
      0,
      0,
      0,
      0,
      1,
      0,
      0,
      0,
      0,
      1,
      0,
      93,
      0,
      2,
      1,
      6
    ],
    [
      4,
      0,
      1,
      1,
      0,
      1,
      0,
      2,
      1,
      1,
      1,
      4,
      1,
      0,
      1,
      2,
      63,
      8,
      3,
      7
    ],
    [
      9,
      0,
      0,
      0,
      0,
      1,
      1,
      0,
      0,
      3,
      0,
      0,
      0,
      0,
      0,
      2,
      2,
      69,
      4,
      4
    ],
    [
      3,
      0,
      0,
      0,
      0,
      0,
      1,
      1,
      0,
      1,
      0,
      0,
      0,
      6,
      2,
      3,
      30,
      10,
      11,
      3
    ],
    [
      15,
      0,
      1,
      0,
      0,
      0,
      1,
      0,
      0,
      0,
      0,
      0,
      0,
      3,
      4,
      29,
      7,
      6,
      1,
      8
    ]
  ],
  "mean_confidence": 0.2643031888166443,
  "std_confidence": 0.10412647648938275,
  "mean_confidence_correct": 0.28570283585305295,
  "mean_confidence_incorrect": 0.23564518196671677,
  "experiment_name": "exp_20newsgroups_mpnet_l3_anchored",
  "dataset": "SetFit/20_newsgroups",
  "label_mode": "l3_anchored",
  "pipeline_mode": "biencoder",
  "num_samples": 2000,
  "random_seed": 42,
  "biencoder": "sentence-transformers/all-mpnet-base-v2",