{
  "accuracy": 0.589,
  "macro_f1": 0.5864686679440778,
  "weighted_f1": 0.5846688922006955,
  "macro_precision": 0.5977632110900326,
  "macro_recall": 0.5920106024989908,
  "classification_report": {
    "0": {
      "precision": 0.5663265306122449,
      "recall": 0.41729323308270677,
      "f1-score": 0.4805194805194805,
      "support": 266.0
    },
    "1": {
      "precision": 0.7851239669421488,
      "recall": 0.7723577235772358,
      "f1-score": 0.7786885245901639,
      "support": 246.0
    },
    "2": {
      "precision": 0.4915254237288136,
      "recall": 0.7073170731707317,
      "f1-score": 0.58,
      "support": 246.0
    },
    "3": {
      "precision": 0.5480769230769231,
      "recall": 0.47107438016528924,
      "f1-score": 0.5066666666666667,
      "support": 242.0
    },
    "accuracy": 0.589,
    "macro avg": {
      "precision": 0.5977632110900326,
      "recall": 0.5920106024989908,
      "f1-score": 0.5864686679440778,
      "support": 1000.0
    },
    "weighted avg": {
      "precision": 0.5973332226325293,
      "recall": 0.589,
      "f1-score": 0.5846688922006955,
      "support": 1000.0
    }
  },
  "confusion_matrix": [
    [
      111,
      36,
      69,
      50
    ],
    [
      38,
      190,
      13,
      5
    ],
    [
      25,
      8,
      174,
      39
    ],
    [
      22,
      8,
      98,
      114
    ]
  ],
  "mean_confidence": 0.12743385603209026,
  "std_confidence": 0.06960329743394979,
  "mean_confidence_correct": 0.1349534978378558,
  "mean_confidence_incorrect": 0.1166575323737061,
  "experiment_name": "exp_ag_news_mpnet_name_only",
  "dataset": "ag_news",
  "label_mode": "name_only",
  "pipeline_mode": "biencoder",
  "num_samples": 1000,
  "random_seed": 42,
  "biencoder": "sentence-transformers/all-mpnet-base-v2",
  "top_errors": [
    {
      "text": "Top exec shares business lessons Jeff Raikes was working at Apple Computer in the early 1980s when a guy named Steve Ballmer called and asked him to interview for a product-management job at a small s",
      "true_label": 3,
      "pred_label": 2,
      "confidence": 0.39578303694725037
    },
    {
      "text": "Ballmer: Microsoft is listening to customers Microsoft chief executive Steve Ballmer says the software giant is listening to customers, and wants to make the company and its employees more accountable",
      "true_label": 3,
      "pred_label": 2,
      "confidence": 0.3371357321739197
    },
    {
      "text": "Travelocity Says Speed Is the Ticket For Growth Sam Gilliand, the chief executive of Travelocity, talks about the online travel industry, the Cendant-Orbitz merger and the woes of the airline industry",
      "true_label": 3,
      "pred_label": 2,
      "confidence": 0.3368346691131592
    },
    {
      "text": "Oracle launches Business Integlligence 10g Oracle introduced a new BI platform yesterday, Business Intelligence 10g that rolls up into one solution all of their BI tools. However, more interesting tha",
      "true_label": 3,
      "pred_label": 2,
      "confidence": 0.3249890208244324
    },
    {
      "text": "BLOG That #39;s the most look-ed up world on Merriam-Webster #39;s &lt;b&gt;...&lt;/b&gt; A FOUR-LETTER term that came to symbolise the difference between old and new media tops US dictionary publishe",
      "true_label": 3,
      "pred_label": 0,
      "confidence": 0.31500035524368286
    },
    {
      "text": "Men Set for Sizzling Duel in 100 Meters ATHENS, Greece - The preliminaries in the 100 meters were perhaps just a sample of what's to come Sunday, when a talented group of qualifiers - including Americ",
      "true_label": 0,
      "pred_label": 1,
      "confidence": 0.3088334798812866
    },
    {
      "text": "September Retail Sales Up by 1.5 Percent WASHINGTON - Shoppers got their buying groove back last month, propelling sales at the nation's retailers by a strong 1.5 percent. It was the best showing sinc",
      "true_label": 0,
      "pred_label": 2,
      "confidence": 0.3029142916202545
    },
    {
      "text": "Lucent's history a case study in wild rides If you've ever wondered what ignited America's late-1990s obsession with telecom and tech stocks, you could well argue it all started with Lucent Technologi",
      "true_label": 2,
      "pred_label": 3,
      "confidence": 0.2992553114891052
    },
    {
      "text": "Internet pioneer closes Manitoba pharmacy; blames dollar, uncertain climate (Canadian Press) Canadian Press - WINNIPEG (CP) - Just one year ago, Mark Rzepka was opening a  #36;1-million Internet pharm",
      "true_label": 0,
      "pred_label": 2,
      "confidence": 0.293010950088501
    },
    {
      "text": "Crooks slither into Net's shady nooks and crannies (USATODAY.com) USATODAY.com - Organized crime rings and petty thieves are flocking to the Internet like start-ups in the go-go '90s, establishing a m",
      "true_label": 3,
      "pred_label": 2,
      "confidence": 0.28858375549316406
    },
    {
      "text": "India, Russia must join hands to develop new tech: Putin Mr Vladimir V. Putin, President of the Russian Federation, Mr NR Narayana Murthy, Chief Mentor and Chairman, Infosys, and Mr Nandan Nilekani, C",
      "true_label": 0,
      "pred_label": 3,
      "confidence": 0.28011757135391235
    },
    {
      "text": "Training is the Key to Defibrillator Success By DANIEL YEE     ALPHARETTA, Ga. (AP) -- Because defibrillators are more affordable than ever, they are quickly becoming commonplace in schools, businesse",
      "true_label": 3,
      "pred_label": 2,
      "confidence": 0.27322787046432495
    },
    {
      "text": "Lockheed Profit Jumps on IT, Jet Demand &lt;p&gt;\\&lt;/p&gt;&lt;p&gt; NEW YORK (Reuters) - No. 1 U.S. defense contractor Lockheed\\Martin Corp. &lt;LMT.N&gt; reported a 41 percent rise in quarterly\\pro",
      "true_label": 3,
      "pred_label": 2,
      "confidence": 0.2630055546760559
    },
    {
      "text": "Bedding Blip? Go Back to Sleep This is getting old. Every time Hidden Gems selection Select Comfort (Nasdaq: SCSS) gets settled in and ready for a long night #39;s rest full of dreams of two-times-in-",
      "true_label": 2,
      "pred_label": 3,
      "confidence": 0.25449642539024353
    },
    {
      "text": "Lackluster Jobs Report Pushes Stocks Down NEW YORK - Investors pushed stocks lower Friday as a surprisingly lackluster job creation report deepened Wall Street's pessimism over the health of the econo",
      "true_label": 0,
      "pred_label": 2,
      "confidence": 0.2518094480037689
    },
    {
      "text": "Louisiana Tech Bulldogs RUSTON, Louisiana (Ticker) -- No. 17 Fresno State could not overcome a dominant performance by Ryan Moats or a poor one by Paul Pinegar.",
      "true_label": 1,
      "pred_label": 3,
      "confidence": 0.25119996070861816
    },
    {
      "text": "Half.com to continue at full speed This fourth priority #39;s main focus has been improving or obtaining CRM and ERP software for the past year and a half. Online auction giant eBay won #39;t be closi",
      "true_label": 3,
      "pred_label": 2,
      "confidence": 0.24916116893291473
    },
    {
      "text": "AMD's Q3 led by strong Opteron, Athlon 64 sales SAN FRANCISCO - As expected, Advanced Micro Devices Inc.'s (AMD's) third-quarter revenue came in a little under the company's earlier predictions, but s",
      "true_label": 3,
      "pred_label": 2,
      "confidence": 0.24661213159561157
    },
    {
      "text": "US edge out Brazil for gold The United States beat Brazil 2-1 in extra time to win the women's Olympic football tournament.",
      "true_label": 0,
      "pred_label": 1,
      "confidence": 0.24447676539421082
    },
    {
      "text": "Black Market in British Treasure Sold on EBay (Reuters) Reuters - Pieces of Britain's past, including a\\second-century silver ring and a 500-year-old Tudor trade\\weight, are among artifacts being pedd",
      "true_label": 0,
      "pred_label": 2,