{
  "accuracy": 0.5715,
  "macro_f1": 0.5451403342501382,
  "weighted_f1": 0.558675218879727,
  "macro_precision": 0.5719373950632021,
  "macro_recall": 0.5566893368429402,
  "classification_report": {
    "0": {
      "precision": 0.5454545454545454,
      "recall": 0.3829787234042553,
      "f1-score": 0.45,
      "support": 94.0
    },
    "1": {
      "precision": 0.5975609756097561,
      "recall": 0.47115384615384615,
      "f1-score": 0.5268817204301075,
      "support": 104.0
    },
    "2": {
      "precision": 0.640625,
      "recall": 0.3904761904761905,
      "f1-score": 0.48520710059171596,
      "support": 105.0
    },
    "3": {
      "precision": 0.3592814371257485,
      "recall": 0.6060606060606061,
      "f1-score": 0.45112781954887216,
      "support": 99.0
    },
    "4": {
      "precision": 0.53125,
      "recall": 0.504950495049505,
      "f1-score": 0.5177664974619289,
      "support": 101.0
    },
    "5": {
      "precision": 0.5671641791044776,
      "recall": 0.7378640776699029,
      "f1-score": 0.6413502109704642,
      "support": 103.0
    },
    "6": {
      "precision": 0.43209876543209874,
      "recall": 0.6194690265486725,
      "f1-score": 0.509090909090909,
      "support": 113.0
    },
    "7": {
      "precision": 0.6126126126126126,
      "recall": 0.7311827956989247,
      "f1-score": 0.6666666666666666,
      "support": 93.0
    },
    "8": {
      "precision": 0.7176470588235294,
      "recall": 0.5980392156862745,
      "f1-score": 0.6524064171122995,
      "support": 102.0
    },
    "9": {
      "precision": 0.891566265060241,
      "recall": 0.7872340425531915,
      "f1-score": 0.8361581920903954,
      "support": 94.0
    },
    "10": {
      "precision": 0.865546218487395,
      "recall": 0.9196428571428571,
      "f1-score": 0.8917748917748918,
      "support": 112.0
    },
    "11": {
      "precision": 0.6262626262626263,
      "recall": 0.6595744680851063,
      "f1-score": 0.6424870466321243,
      "support": 94.0
    },
    "12": {
      "precision": 0.6956521739130435,
      "recall": 0.14678899082568808,
      "f1-score": 0.24242424242424243,
      "support": 109.0
    },
    "13": {
      "precision": 0.7525773195876289,
      "recall": 0.6697247706422018,
      "f1-score": 0.7087378640776699,
      "support": 109.0
    },
    "14": {
      "precision": 0.7916666666666666,
      "recall": 0.672566371681416,
      "f1-score": 0.7272727272727273,
      "support": 113.0
    },
    "15": {
      "precision": 0.5,
      "recall": 0.7699115044247787,
      "f1-score": 0.6062717770034843,
      "support": 113.0
    },
    "16": {
      "precision": 0.40372670807453415,
      "recall": 0.6435643564356436,
      "f1-score": 0.4961832061068702,
      "support": 101.0
    },
    "17": {
      "precision": 0.6530612244897959,
      "recall": 0.6736842105263158,
      "f1-score": 0.6632124352331606,
      "support": 95.0
    },
    "18": {
      "precision": 0.08108108108108109,
      "recall": 0.04225352112676056,
      "f1-score": 0.05555555555555555,
      "support": 71.0
    },
    "19": {
      "precision": 0.17391304347826086,
      "recall": 0.10666666666666667,
      "f1-score": 0.1322314049586777,
      "support": 75.0
    },
    "accuracy": 0.5715,
    "macro avg": {
      "precision": 0.5719373950632021,
      "recall": 0.5566893368429402,
      "f1-score": 0.5451403342501382,
      "support": 2000.0
    },
    "weighted avg": {
      "precision": 0.5861888695828407,
      "recall": 0.5715,
      "f1-score": 0.558675218879727,
      "support": 2000.0
    }
  },
  "confusion_matrix": [
    [
      36,
      0,
      0,
      0,
      0,
      0,
      2,
      0,
      2,
      0,
      1,
      3,
      0,
      2,
      3,
      26,
      3,
      5,
      6,
      5
    ],
    [
      2,
      49,
      1,
      16,
      4,
      11,
      4,
      2,
      1,
      0,
      0,
      7,
      1,
      1,
      1,
      1,
      0,
      0,
      2,
      1
    ],
    [
      0,
      7,
      41,
      13,
      4,
      31,
      3,
      0,
      0,
      0,
      1,
      4,
      0,
      1,
      0,
      0,
      0,
      0,
      0,
      0
    ],
    [
      0,
      2,
      6,
      60,
      16,
      9,
      4,
      1,
      0,
      0,
      0,
      0,
      0,
      0,
      0,
      0,
      0,
      1,
      0,
      0
    ],
    [
      0,
      6,
      0,
      29,
      51,
      0,
      7,
      2,
      2,
      1,
      0,
      0,
      3,
      0,
      0,
      0,
      0,
      0,
      0,
      0
    ],
    [
      0,
      4,
      6,
      8,
      3,
      76,
      4,
      0,
      0,
      0,
      1,
      1,
      0,
      0,
      0,
      0,
      0,
      0,
      0,
      0
    ],
    [
      0,
      2,
      2,
      19,
      7,
      0,
      70,
      3,
      5,
      0,
      1,
      0,
      1,
      0,
      0,
      0,
      0,
      0,
      1,
      2
    ],
    [
      1,
      0,
      0,
      2,
      0,
      0,
      7,
      68,
      6,
      0,
      2,
      3,
      0,
      1,
      0,
      0,
      2,
      0,
      0,
      1
    ],
    [
      1,
      0,
      1,
      1,
      1,
      0,
      8,
      14,
      61,
      0,
      3,
      0,
      0,
      0,
      1,
      2,
      6,
      0,
      2,
      1
    ],
    [
      0,
      0,
      0,
      1,
      0,
      0,
      7,
      0,
      1,
      74,
      4,
      0,
      0,
      2,
      0,
      2,
      1,
      1,
      1,
      0
    ],
    [
      1,
      0,
      0,
      0,
      0,
      0,
      2,
      0,
      1,
      2,
      103,
      0,
      0,
      0,
      0,
      0,
      1,
      0,
      2,
      0
    ],
    [
      1,
      0,
      2,
      1,
      0,
      0,
      2,
      0,
      0,
      0,
      0,
      62,
      1,
      0,
      0,
      1,
      18,
      3,
      2,
      1
    ],
    [
      1,
      10,
      2,
      17,
      4,
      2,
      12,
      17,
      5,
      0,
      1,
      7,
      16,
      1,
      3,
      0,
      4,
      4,
      3,
      0
    ],
    [
      4,
      1,
      0,
      0,
      1,
      1,
      9,
      1,
      0,
      1,
      1,
      6,
      0,
      73,
      3,
      2,
      4,
      0,
      1,
      1
    ],
    [
      1,
      1,
      1,
      0,
      2,
      3,
      5,
      2,
      0,
      0,
      1,
      1,
      1,
      4,
      76,
      0,
      9,
      1,
      2,
      3
    ],
    [
      5,
      0,
      0,
      0,
      0,
      0,
      1,
      0,
      1,
      0,
      0,
      1,
      0,
      1,
      1,
      87,
      0,
      0,
      1,
      15
    ],
    [
      1,
      0,
      0,
      0,
      2,
      1,
      6,
      1,
      0,
      1,
      0,
      4,
      0,
      0,
      2,
      2,
      65,
      8,
      5,
      3
    ],
    [
      4,
      0,
      0,
      0,
      1,
      0,
      5,
      0,
      0,
      3,
      0,
      0,
      0,
      0,
      0,
      6,
      4,
      64,
      6,
      2
    ],
    [
      1,
      0,
      0,
      0,
      0,
      0,
      1,
      0,
      0,
      1,
      0,
      0,
      0,
      8,
      2,
      9,
      36,
      7,
      3,
      3
    ],
    [
      7,
      0,
      2,
      0,
      0,
      0,
      3,
      0,
      0,
      0,
      0,
      0,
      0,
      3,
      4,
      36,
      8,
      4,
      0,
      8
    ]
  ],
  "mean_confidence": 0.2546600024201907,
  "std_confidence": 0.09987050143633672,
  "mean_confidence_correct": 0.27632945664520336,
  "mean_confidence_incorrect": 0.22575896837212833,
  "experiment_name": "exp_20newsgroups_mpnet_l2_anchored",
  "dataset": "SetFit/20_newsgroups",
  "label_mode": "l2_anchored",
  "pipeline_mode": "biencoder",
  "num_samples": 2000,
  "random_seed": 42,
  "biencoder": "sentence-transformers/all-mpnet-base-v2",