{
  "accuracy": 0.742,
  "macro_f1": 0.7366388169227478,
  "weighted_f1": 0.736361029760159,
  "macro_precision": 0.7376545115838659,
  "macro_recall": 0.7430540925989636,
  "classification_report": {
    "0": {
      "precision": 0.7467811158798283,
      "recall": 0.6541353383458647,
      "f1-score": 0.6973947895791583,
      "support": 266.0
    },
    "1": {
      "precision": 0.8705035971223022,
      "recall": 0.983739837398374,
      "f1-score": 0.9236641221374046,
      "support": 246.0
    },
    "2": {
      "precision": 0.6666666666666666,
      "recall": 0.7723577235772358,
      "f1-score": 0.7156308851224106,
      "support": 246.0
    },
    "3": {
      "precision": 0.6666666666666666,
      "recall": 0.5619834710743802,
      "f1-score": 0.6098654708520179,
      "support": 242.0
    },
    "accuracy": 0.742,
    "macro avg": {
      "precision": 0.7376545115838659,
      "recall": 0.7430540925989636,
      "f1-score": 0.7366388169227478,
      "support": 1000.0
    },
    "weighted avg": {
      "precision": 0.7381209950494539,
      "recall": 0.742,
      "f1-score": 0.736361029760159,
      "support": 1000.0
    }
  },
  "confusion_matrix": [
    [
      174,
      24,
      19,
      49
    ],
    [
      3,
      242,
      1,
      0
    ],
    [
      33,
      4,
      190,
      19
    ],
    [
      23,
      8,
      75,
      136
    ]
  ],
  "mean_confidence": 0.17533906002296135,
  "std_confidence": 0.09002423515401517,
  "mean_confidence_correct": 0.1761541940714923,
  "mean_confidence_incorrect": 0.17299475977486073,
  "experiment_name": "exp_ag_news_mpnet_l3_anchored",
  "dataset": "ag_news",
  "label_mode": "l3_anchored",
  "pipeline_mode": "biencoder",
  "num_samples": 1000,
  "random_seed": 42,
  "biencoder": "sentence-transformers/all-mpnet-base-v2",
  "top_errors": [
    {
      "text": "Wonkette: Blogs force quick action from major media Plus: Row brewing over peer-to-peer ads. News.com Extra",
      "true_label": 3,
      "pred_label": 1,
      "confidence": 0.43896856904029846
    },
    {
      "text": "Oracle launches Business Integlligence 10g Oracle introduced a new BI platform yesterday, Business Intelligence 10g that rolls up into one solution all of their BI tools. However, more interesting tha",
      "true_label": 3,
      "pred_label": 2,
      "confidence": 0.4363664388656616
    },
    {
      "text": "Lackluster Jobs Report Pushes Stocks Down NEW YORK - Investors pushed stocks lower Friday as a surprisingly lackluster job creation report deepened Wall Street's pessimism over the health of the econo",
      "true_label": 0,
      "pred_label": 2,
      "confidence": 0.42683419585227966
    },
    {
      "text": "Top exec shares business lessons Jeff Raikes was working at Apple Computer in the early 1980s when a guy named Steve Ballmer called and asked him to interview for a product-management job at a small s",
      "true_label": 3,
      "pred_label": 2,
      "confidence": 0.40731412172317505
    },
    {
      "text": "BLOG That #39;s the most look-ed up world on Merriam-Webster #39;s &lt;b&gt;...&lt;/b&gt; A FOUR-LETTER term that came to symbolise the difference between old and new media tops US dictionary publishe",
      "true_label": 3,
      "pred_label": 0,
      "confidence": 0.39997243881225586
    },
    {
      "text": "September Retail Sales Up by 1.5 Percent WASHINGTON - Shoppers got their buying groove back last month, propelling sales at the nation's retailers by a strong 1.5 percent. It was the best showing sinc",
      "true_label": 0,
      "pred_label": 2,
      "confidence": 0.39620816707611084
    },
    {
      "text": "Lockheed Profit Jumps on IT, Jet Demand &lt;p&gt;\\&lt;/p&gt;&lt;p&gt; NEW YORK (Reuters) - No. 1 U.S. defense contractor Lockheed\\Martin Corp. &lt;LMT.N&gt; reported a 41 percent rise in quarterly\\pro",
      "true_label": 3,
      "pred_label": 2,
      "confidence": 0.3839709758758545
    },
    {
      "text": "AMD's Q3 led by strong Opteron, Athlon 64 sales SAN FRANCISCO - As expected, Advanced Micro Devices Inc.'s (AMD's) third-quarter revenue came in a little under the company's earlier predictions, but s",
      "true_label": 3,
      "pred_label": 2,
      "confidence": 0.3790256977081299
    },
    {
      "text": "Travelocity Says Speed Is the Ticket For Growth Sam Gilliand, the chief executive of Travelocity, talks about the online travel industry, the Cendant-Orbitz merger and the woes of the airline industry",
      "true_label": 3,
      "pred_label": 2,
      "confidence": 0.3609590530395508
    },
    {
      "text": "Ballmer: Microsoft is listening to customers Microsoft chief executive Steve Ballmer says the software giant is listening to customers, and wants to make the company and its employees more accountable",
      "true_label": 3,
      "pred_label": 2,
      "confidence": 0.3588188588619232
    },
    {
      "text": "America #39;s curse There is an all but unanswerable case for asserting that the biggest story out of the United States this week has nothing to do with the presidential election, has no connection wi",
      "true_label": 1,
      "pred_label": 0,
      "confidence": 0.3575785458087921
    },
    {
      "text": "Oracle Overhauls Sales-Side Apps for CRM Suite (NewsFactor) NewsFactor - Oracle (Nasdaq: ORCL) has revamped its sales-side CRM applications in version 11i.10 of its sales, marketing, partner relations",
      "true_label": 3,
      "pred_label": 2,
      "confidence": 0.35691970586776733
    },
    {
      "text": "Kenyan Laureate Urges Rich Nations to Ratify Kyoto (Reuters) Reuters - Kenya's Nobel Peace Prize winner,\\Wangari Maathai, on Monday urged wealthy nations to ratify the\\Kyoto protocol on climate change",
      "true_label": 3,
      "pred_label": 0,
      "confidence": 0.3503141403198242
    },
    {
      "text": "2004 Signals More Global Warming, Extreme Weather: UN (Reuters) Reuters - Global warming is set to continue, and\\bring with it an increase in extreme weather such as hurricanes\\and droughts, scientist",
      "true_label": 3,
      "pred_label": 0,
      "confidence": 0.3436132073402405
    },
    {
      "text": "EU, Japan Win WTO Approval to Impose Duties on US (Update2) The European Union, Japan and Brazil won World Trade Organization backing to impose tariffs on US imports after Congress failed to end illeg",
      "true_label": 2,
      "pred_label": 0,
      "confidence": 0.33381563425064087
    },
    {
      "text": "UN organizes open-source software day across Asia The United Nations, through its International Open Source Network (IOSN) will organize the first annual Software Freedom Day on Saturday in an effort ",
      "true_label": 3,
      "pred_label": 0,
      "confidence": 0.33255434036254883
    },
    {
      "text": "Flat-screen TV prices are falling for holidays But trend provokes industry unrest; panel makers call for drop in retail markups to move units. By Evan Ramstad and Gary McWilliams.",
      "true_label": 3,
      "pred_label": 2,
      "confidence": 0.33208686113357544
    },
    {
      "text": "Stocks Climb on Drop in Consumer Prices NEW YORK - Stocks rose for a second straight session Tuesday as a drop in consumer prices allowed investors to put aside worries about inflation, at least for t",
      "true_label": 0,
      "pred_label": 2,
      "confidence": 0.31671902537345886
    },
    {
      "text": "Wall St.'s Nest Egg - the Housing Sector  NEW YORK (Reuters) - If there were any doubts that we're  still living in the era of the stay-at-home economy, the rows  of empty seats at the Athens Olympics",
      "true_label": 2,
      "pred_label": 1,
      "confidence": 0.31597739458084106
    },
    {
      "text": "The Next Shock: Not Oil, but Debt The American economic ship, which has weathered the recent run-up in crude oil prices, may be more vulnerable to sudden surges in the price of money.",
      "true_label": 2,
      "pred_label": 0,