{
  "accuracy": 0.671,
  "macro_f1": 0.645485204485133,
  "weighted_f1": 0.6524321632083214,
  "macro_precision": 0.6709533030474943,
  "macro_recall": 0.6690272990944849,
  "classification_report": {
    "0": {
      "precision": 0.7538461538461538,
      "recall": 0.5568181818181818,
      "f1-score": 0.6405228758169934,
      "support": 88.0
    },
    "1": {
      "precision": 0.6634615384615384,
      "recall": 0.8313253012048193,
      "f1-score": 0.7379679144385026,
      "support": 83.0
    },
    "2": {
      "precision": 0.7125,
      "recall": 0.7402597402597403,
      "f1-score": 0.7261146496815286,
      "support": 77.0
    },
    "3": {
      "precision": 0.7532467532467533,
      "recall": 0.90625,
      "f1-score": 0.8226950354609929,
      "support": 64.0
    },
    "4": {
      "precision": 0.8970588235294118,
      "recall": 0.7530864197530864,
      "f1-score": 0.8187919463087249,
      "support": 81.0
    },
    "5": {
      "precision": 0.4482758620689655,
      "recall": 0.203125,
      "f1-score": 0.27956989247311825,
      "support": 64.0
    },
    "6": {
      "precision": 0.4888888888888889,
      "recall": 0.43137254901960786,
      "f1-score": 0.4583333333333333,
      "support": 51.0
    },
    "7": {
      "precision": 0.4748201438848921,
      "recall": 0.825,
      "f1-score": 0.6027397260273972,
      "support": 80.0
    },
    "8": {
      "precision": 0.5068493150684932,
      "recall": 0.7708333333333334,
      "f1-score": 0.6115702479338843,
      "support": 48.0
    },
    "9": {
      "precision": 0.6333333333333333,
      "recall": 0.2753623188405797,
      "f1-score": 0.3838383838383838,
      "support": 69.0
    },
    "10": {
      "precision": 0.7241379310344828,
      "recall": 0.8076923076923077,
      "f1-score": 0.7636363636363637,
      "support": 78.0
    },
    "11": {
      "precision": 0.7215189873417721,
      "recall": 0.9827586206896551,
      "f1-score": 0.8321167883211679,
      "support": 58.0
    },
    "12": {
      "precision": 0.8045977011494253,
      "recall": 0.9210526315789473,
      "f1-score": 0.8588957055214724,
      "support": 76.0
    },
    "13": {
      "precision": 0.8108108108108109,
      "recall": 0.3614457831325301,
      "f1-score": 0.5,
      "support": 83.0
    },
    "accuracy": 0.671,
    "macro avg": {
      "precision": 0.6709533030474943,
      "recall": 0.6690272990944849,
      "f1-score": 0.645485204485133,
      "support": 1000.0
    },
    "weighted avg": {
      "precision": 0.683552775755436,
      "recall": 0.671,
      "f1-score": 0.6524321632083214,
      "support": 1000.0
    }
  },
  "confusion_matrix": [
    [
      49,
      9,
      3,
      3,
      0,
      8,
      1,
      4,
      3,
      0,
      0,
      6,
      2,
      0
    ],
    [
      1,
      69,
      0,
      1,
      0,
      0,
      2,
      4,
      3,
      1,
      1,
      0,
      1,
      0
    ],
    [
      0,
      2,
      57,
      3,
      0,
      0,
      1,
      1,
      0,
      0,
      0,
      6,
      2,
      5
    ],
    [
      0,
      0,
      3,
      58,
      2,
      0,
      0,
      0,
      0,
      1,
      0,
      0,
      0,
      0
    ],
    [
      0,
      5,
      5,
      2,
      61,
      0,
      0,
      0,
      5,
      2,
      1,
      0,
      0,
      0
    ],
    [
      7,
      6,
      3,
      3,
      1,
      13,
      16,
      3,
      1,
      1,
      0,
      5,
      4,
      1
    ],
    [
      2,
      1,
      2,
      0,
      2,
      0,
      22,
      12,
      9,
      0,
      0,
      0,
      0,
      1
    ],
    [
      0,
      2,
      0,
      1,
      0,
      2,
      0,
      66,
      9,
      0,
      0,
      0,
      0,
      0
    ],
    [
      1,
      1,
      0,
      0,
      1,
      0,
      2,
      5,
      37,
      1,
      0,
      0,
      0,
      0
    ],
    [
      0,
      0,
      0,
      1,
      1,
      1,
      0,
      27,
      0,
      19,
      20,
      0,
      0,
      0
    ],
    [
      0,
      0,
      0,
      0,
      0,
      0,
      0,
      13,
      2,
      0,
      63,
      0,
      0,
      0
    ],
    [
      0,
      0,
      0,
      0,
      0,
      0,
      0,
      0,
      0,
      0,
      0,
      57,
      1,
      0
    ],
    [
      0,
      1,
      0,
      2,
      0,
      0,
      0,
      0,
      0,
      1,
      0,
      2,
      70,
      0
    ],
    [
      5,
      8,
      7,
      3,
      0,
      5,
      1,
      4,
      4,
      4,
      2,
      3,
      7,
      30
    ]
  ],
  "mean_confidence": 0.18231655812449754,
  "std_confidence": 0.06471716456404868,
  "mean_confidence_correct": 0.1936432580323404,
  "mean_confidence_incorrect": 0.15921559873798516,
  "experiment_name": "exp_dbpedia_14_mpnet_l3_anchored",
  "dataset": "dbpedia_14",
  "label_mode": "l3_anchored",
  "pipeline_mode": "biencoder",
  "num_samples": 1000,
  "random_seed": 42,
  "biencoder": "sentence-transformers/all-mpnet-base-v2",
  "top_errors": [
    {
      "text": " The World's Greatest Athlete is a 1973 American feature film released by Walt Disney Productions. It starred John Amos Roscoe Lee Browne Tim Conway Dayle Haddon and Jan-Michael Vincent. It is one of ",
      "true_label": 12,
      "pred_label": 3,
      "confidence": 0.45730382204055786
    },
    {
      "text": " Bird migration is the regular seasonal movement often north and south along a flyway between breeding and wintering grounds undertaken by many species of birds. Migration which carries high costs in ",
      "true_label": 9,
      "pred_label": 5,
      "confidence": 0.3646034002304077
    },
    {
      "text": " Champs Sports is a sports retail store that is a subsidiary of Foot Locker Inc.. Products sold at Champs Sports include apparel equipment footwear and accessories. As of March 2013 there are 552 stor",
      "true_label": 0,
      "pred_label": 3,
      "confidence": 0.32221144437789917
    },
    {
      "text": " Bonsound is a Montreal-based company that manages books and promotes music. Bonsound also houses three records labels: Bonsound Records Blow The Fuse Records and Proxenett.",
      "true_label": 0,
      "pred_label": 11,
      "confidence": 0.3107711970806122
    },
    {
      "text": " Salix caroliniana commonly known as the coastal plain willow is a shrub or small tree native to the southeastern United States Mexico and parts of Central America and the Caribbean. It is an obligate",
      "true_label": 10,
      "pred_label": 7,
      "confidence": 0.3069072365760803
    },
    {
      "text": " The Art of Dreaming is a book written by anthropologist Carlos Castaneda and published in 1993. It purportedly describes the events that took place during an apprenticeship with a self-proclaimed Yaq",
      "true_label": 13,
      "pred_label": 2,
      "confidence": 0.3068608343601227
    },
    {
      "text": " For Rent: One Grammy One Gramps is a young adult fiction novel by Ivy Duffy Doherty published 1982.",
      "true_label": 13,
      "pred_label": 11,
      "confidence": 0.3037187159061432
    },
    {
      "text": " North Becket Village Historic District is a historic district encompassing the historic village of North Becket in the Berkshire hill town of Becket Massachusetts. The district encompasses 40 acres (",
      "true_label": 6,
      "pred_label": 8,
      "confidence": 0.29908287525177
    },
    {
      "text": " The National Association for Special Educational Needs (NASEN) is an education and development charitable organisation based in the United Kingdom which aims to promote the education training advance",
      "true_label": 0,
      "pred_label": 1,