{
  "accuracy": 0.7836,
  "macro_f1": 0.7798583545345026,
  "weighted_f1": 0.7801408140765723,
  "macro_precision": 0.8000061120956592,
  "macro_recall": 0.782592741028721,
  "classification_report": {
    "0": {
      "precision": 0.8507992895204263,
      "recall": 0.7633466135458168,
      "f1-score": 0.8047039059218816,
      "support": 1255.0
    },
    "1": {
      "precision": 0.6987750556792873,
      "recall": 0.9936658749010293,
      "f1-score": 0.8205295848316443,
      "support": 1263.0
    },
    "2": {
      "precision": 0.7862660944206008,
      "recall": 0.7339743589743589,
      "f1-score": 0.7592208868628264,
      "support": 1248.0
    },
    "3": {
      "precision": 0.864184008762322,
      "recall": 0.6393841166936791,
      "f1-score": 0.7349790405216581,
      "support": 1234.0
    },
    "accuracy": 0.7836,
    "macro avg": {
      "precision": 0.8000061120956592,
      "recall": 0.782592741028721,
      "f1-score": 0.7798583545345026,
      "support": 5000.0
    },
    "weighted avg": {
      "precision": 0.799593831264138,
      "recall": 0.7836,
      "f1-score": 0.7801408140765723,
      "support": 5000.0
    }
  },
  "confusion_matrix": [
    [
      958,
      205,
      77,
      15
    ],
    [
      4,
      1255,
      4,
      0
    ],
    [
      82,
      141,
      916,
      109
    ],
    [
      82,
      195,
      168,
      789
    ]
  ],
  "mean_confidence": 0.3555304048657417,
  "std_confidence": 0.052527613104731606,
  "mean_confidence_correct": 0.363315370479611,
  "mean_confidence_incorrect": 0.32734048316967906,
  "experiment_name": "ag_news_qwen3",
  "dataset": "ag_news",
  "label_mode": "description",
  "pipeline_mode": "biencoder",
  "num_samples": 5000,
  "biencoder": "Qwen/Qwen3-Embedding-8B",
  "top_errors": [
    {
      "text": "India seeks new TV bids The Indian Board re-opens the bidding for TV rights after Australian threaten to cancel their tour.",
      "true_label": 0,
      "pred_label": 1,
      "confidence": 0.48781058192253113
    },
    {
      "text": "TheStreet.com May Be Up for Sale -- Report (Reuters) Reuters - TheStreet.com Inc. , the\\financial news and commentary Web site, may be up for sale,\\according to a report in Business Week, sparking a 7",
      "true_label": 3,
      "pred_label": 2,
      "confidence": 0.48631957173347473
    },
    {
      "text": "Dream Team Leads Spain 44-42 at Halftime ATHENS, Greece - As expected, the U.S. men's basketball team had its hands full in a quarterfinal game against Spain on Thursday...",
      "true_label": 0,
      "pred_label": 1,
      "confidence": 0.48257848620414734
    },
    {
      "text": "EU foreign ministers hope to break deadlock over ASEM summit The European Union said Friday it  quot;hoped to reach a conclusion quot; at a meeting of foreign ministers on the participation of militar",
      "true_label": 2,
      "pred_label": 0,
      "confidence": 0.4816850423812866
    },
    {
      "text": "HP to tempt holiday shoppers with sights and sounds The computer-hardware giant, best known for products such as PCs and printers, on Friday laid out its plan to become a brand-name in consumer electr",
      "true_label": 2,
      "pred_label": 3,
      "confidence": 0.4812450408935547
    },
    {
      "text": "Football: Azerbaijan 0-1 England Michael Owen heads England's winner in the World Cup qualifier against Azerbaijan.",
      "true_label": 0,
      "pred_label": 1,
      "confidence": 0.47917747497558594
    },
    {
      "text": "Argentina Beats U.S. Men's Basketball Team Argentina defeated the United States team of National Basketball Association stars 89-81 here Friday in the Olympic semi-finals, dethroning the three-time de",
      "true_label": 0,
      "pred_label": 1,
      "confidence": 0.47876203060150146
    },
    {
      "text": "A Bit of Wall St. on the Tigris The 150 brokers and traders on the Iraq Stock Exchange are not waiting for the war to end, buying and selling orders a few hundred yards away from the fighting.",
      "true_label": 0,
      "pred_label": 2,
      "confidence": 0.47579312324523926
    },
    {
      "text": "Greek weightlifter awaits verdict Greek weightlifter Leonidas Sampanis will find out on Sunday if he is to be stripped of his medal.",
      "true_label": 0,
      "pred_label": 1,
      "confidence": 0.4719837009906769
    },
    {
      "text": "webcrawler: A9.com is cool NOW heres something else thats off the mind. Theres no more need to make mental or computer notes while searching the Internet.",
      "true_label": 2,
      "pred_label": 3,
      "confidence": 0.46817347407341003
    },
    {
      "text": "Pakistan down India to ensure top six finish (AFP) AFP - Pakistan defeated arch-rivals India 3-0 here to ensure they stand among the top six in the Olympic men's field hockey competition.",
      "true_label": 0,
      "pred_label": 1,
      "confidence": 0.46802645921707153
    },
    {
      "text": "Football: Spanish FA apologises The Spanish FA apologises to its English counterparts following racist chanting.",
      "true_label": 0,
      "pred_label": 1,
      "confidence": 0.46075519919395447
    },
    {
      "text": "U.S. Softball Team Wins, Closes in on Gold ATHENS, Greece - Right now, the Americans aren't just a Dream Team - they're more like the Perfect Team. Lisa Fernandez pitched a three-hitter Sunday and Cry",
      "true_label": 0,
      "pred_label": 1,
      "confidence": 0.45856404304504395
    },
    {
      "text": "Former Dot-Com Commerce One Eyes Closure Commerce One Inc., an Internet software maker valued at \\$20 billion at the peak of dot-com mania, is poised to go out of business as a pauper.",
      "true_label": 3,
      "pred_label": 2,
      "confidence": 0.4564207196235657
    },
    {
      "text": "Pakistan on back foot in four dayer (AFP) AFP - Pakistan was still struggling at lunch on the second day of their four-day tour match against Western Australia here despite claiming two wickets in the",
      "true_label": 0,
      "pred_label": 1,
      "confidence": 0.4555557072162628
    },
    {
      "text": "Football: Brazil legend's UK debut Brazil football great Socrates is set to make his debut for non-league Garforth Town on Saturday.",
      "true_label": 0,
      "pred_label": 1,
      "confidence": 0.45368874073028564
    },
    {
      "text": "Lazarus-like virus hits computers A new computer virus is catching people out by coming back from the dead.",
      "true_label": 2,
      "pred_label": 3,
      "confidence": 0.45351696014404297
    },
    {
      "text": "Men Set for Sizzling Duel in 100 Meters ATHENS, Greece - The preliminaries in the 100 meters were perhaps just a sample of what's to come Sunday, when a talented group of qualifiers - including Americ",
      "true_label": 0,
      "pred_label": 1,
      "confidence": 0.45334070920944214
    },
    {
      "text": "Google #39;s New PC Search Tool Poses Risks NEW YORK Oct. 18, 2004 - People who use public or workplace computers for e-mail, instant messaging and Web searching have a new privacy risk to worry about",
      "true_label": 2,
      "pred_label": 3,
      "confidence": 0.45203694701194763
    },
    {
      "text": "Sun makes run for supercomputing title With the economy slowly turning up, upgrading hardware has been on businesses radar in the past 12 months as their number two priority.",
      "true_label": 3,
      "pred_label": 2,
      "confidence": 0.45139503479003906
    }
  ]
}