{
  "accuracy": 0.7854,
  "macro_f1": 0.7793750162345282,
  "weighted_f1": 0.7798244983818394,
  "macro_precision": 0.8018291079096065,
  "macro_recall": 0.7844366011525199,
  "classification_report": {
    "0": {
      "precision": 0.8862461220268872,
      "recall": 0.6828685258964143,
      "f1-score": 0.7713771377137714,
      "support": 1255.0
    },
    "1": {
      "precision": 0.7721362229102167,
      "recall": 0.9873317498020586,
      "f1-score": 0.8665740097289785,
      "support": 1263.0
    },
    "2": {
      "precision": 0.6987638256343527,
      "recall": 0.8605769230769231,
      "f1-score": 0.7712746858168761,
      "support": 1248.0
    },
    "3": {
      "precision": 0.8501702610669694,
      "recall": 0.606969205834684,
      "f1-score": 0.708274231678487,
      "support": 1234.0
    },
    "accuracy": 0.7854,
    "macro avg": {
      "precision": 0.8018291079096065,
      "recall": 0.7844366011525199,
      "f1-score": 0.7793750162345282,
      "support": 5000.0
    },
    "weighted avg": {
      "precision": 0.8017228578455319,
      "recall": 0.7854,
      "f1-score": 0.7798244983818394,
      "support": 5000.0
    }
  },
  "confusion_matrix": [
    [
      857,
      191,
      184,
      23
    ],
    [
      3,
      1247,
      12,
      1
    ],
    [
      37,
      29,
      1074,
      108
    ],
    [
      70,
      148,
      267,
      749
    ]
  ],
  "mean_confidence": 0.4415171283662319,
  "std_confidence": 0.046303081403038224,
  "mean_confidence_correct": 0.4451804534834033,
  "mean_confidence_incorrect": 0.428109972974683,
  "experiment_name": "ag_news_bge",
  "dataset": "ag_news",
  "label_mode": "description",
  "pipeline_mode": "biencoder",
  "num_samples": 5000,
  "biencoder": "BAAI/bge-m3",
  "top_errors": [
    {
      "text": "Google #39;s New PC Search Tool Poses Risks NEW YORK Oct. 18, 2004 - People who use public or workplace computers for e-mail, instant messaging and Web searching have a new privacy risk to worry about",
      "true_label": 2,
      "pred_label": 3,
      "confidence": 0.5958595275878906
    },
    {
      "text": "Ofcom's review of telecoms due this week &lt;strong&gt;Analysis&lt;/strong&gt; That'll be the circus in town, then",
      "true_label": 3,
      "pred_label": 2,
      "confidence": 0.5855551958084106
    },
    {
      "text": "Stocks Close Higher on Brokerage Earnings NEW YORK - Stocks dashed higher Tuesday as investors welcomed strong earnings from financial services companies, upbeat economic data and some reassuring news",
      "true_label": 0,
      "pred_label": 2,
      "confidence": 0.5801267027854919
    },
    {
      "text": "HP to tempt holiday shoppers with sights and sounds The computer-hardware giant, best known for products such as PCs and printers, on Friday laid out its plan to become a brand-name in consumer electr",
      "true_label": 2,
      "pred_label": 3,
      "confidence": 0.5794495344161987
    },
    {
      "text": "Dream Team Leads Spain 44-42 at Halftime ATHENS, Greece - As expected, the U.S. men's basketball team had its hands full in a quarterfinal game against Spain on Thursday...",
      "true_label": 0,
      "pred_label": 1,
      "confidence": 0.575494647026062
    },
    {
      "text": "TheStreet.com May Be Up for Sale -- Report (Reuters) Reuters - TheStreet.com Inc. , the\\financial news and commentary Web site, may be up for sale,\\according to a report in Business Week, sparking a 7",
      "true_label": 3,
      "pred_label": 2,
      "confidence": 0.5680016875267029
    },
    {
      "text": "Google puts desktop search privacy up front Google has announced a new desktop search application that enables users to search their e-mail, files, web history, and chats. Perhaps learning from previo",
      "true_label": 2,
      "pred_label": 3,
      "confidence": 0.5596742033958435
    },
    {
      "text": "Sun makes run for supercomputing title With the economy slowly turning up, upgrading hardware has been on businesses radar in the past 12 months as their number two priority.",
      "true_label": 3,
      "pred_label": 2,
      "confidence": 0.5568641424179077
    },
    {
      "text": "Washington Contractors' Sales Increase Companies that provide federal agencies with network integration and payroll accounting technologies are benefiting from a government trying to bolster its defen",
      "true_label": 3,
      "pred_label": 2,
      "confidence": 0.555767834186554
    },
    {
      "text": "Icing call Out of money, out of patience, out of time, and for the foreseeable future, out of business.",
      "true_label": 1,
      "pred_label": 2,
      "confidence": 0.5517410635948181
    },
    {
      "text": "Feds kick off digital TV consumer campaign WASHINGTON - It #39;s one of the biggest technical changes in television since color TV: the digital transition. And because many Americans remain in the dar",
      "true_label": 2,
      "pred_label": 3,
      "confidence": 0.5462198853492737
    },
    {
      "text": "Groups Petition U.S. on China Policies (AP) AP - A group of industry, farm and labor groups, seeking to put pressure on the Bush administration before the presidential election, petitioned the governm",
      "true_label": 0,
      "pred_label": 2,
      "confidence": 0.5445801615715027
    },
    {
      "text": "Quicken, Money Duel to a Draw (washingtonpost.com) washingtonpost.com - The Intuit-Microsoft battle for supremacy in the personal-finance software market is as long-running as some sports rivalries --",
      "true_label": 3,
      "pred_label": 2,
      "confidence": 0.5437738299369812
    },
    {
      "text": "Clicking on Profits The latest data from the US Department of Commerce further bolsters what we have all suspected: E-commerce sales are increasing. Not only might one suspect that consumer confidence",
      "true_label": 2,
      "pred_label": 3,
      "confidence": 0.5404922962188721
    },
    {
      "text": "Dell, AOL team up in schools initiative ROUND ROCK, Texas -- Dell Inc. and America Online Inc. announced a partnership Monday to provide 5,000 low-income students with free refurbished personal comput",
      "true_label": 2,
      "pred_label": 3,
      "confidence": 0.5396193265914917
    },
    {
      "text": "Wi-Fi successor is called high-speed hype -- for now SAN FRANCISCO -- At virtually every turn, Intel Corp. executives are heaping praise on an emerging long-range wireless technology known as WiMAX, w",
      "true_label": 2,
      "pred_label": 3,
      "confidence": 0.538384199142456
    },
    {
      "text": "U.S. Softball Team Wins, Closes in on Gold ATHENS, Greece - Right now, the Americans aren't just a Dream Team - they're more like the Perfect Team. Lisa Fernandez pitched a three-hitter Sunday and Cry",
      "true_label": 0,
      "pred_label": 1,
      "confidence": 0.5375566482543945
    },
    {
      "text": "IBM reported to be exiting PC business IBM #39;s possible exit from the personal-computer business would be the latest move in what amounts to a long goodbye from a field it pioneered and revolutioniz",
      "true_label": 2,
      "pred_label": 3,
      "confidence": 0.5351840257644653
    },
    {
      "text": "** For the latest news, please refresh this page regularly ** What #39;s up? I see the whole world has their eyes on the Oscar vs. Bernard fight. My thought is Oscar is coming off with an upset.",
      "true_label": 1,
      "pred_label": 0,
      "confidence": 0.5322608351707458
    },
    {
      "text": "Stocks Climb on Drop in Consumer Prices NEW YORK - Stocks rose for a second straight session Tuesday as a drop in consumer prices allowed investors to put aside worries about inflation, at least for t",
      "true_label": 0,
      "pred_label": 2,
      "confidence": 0.531945526599884
    }
  ]
}