{
  "accuracy": 0.8492,
  "macro_f1": 0.8486313614338461,
  "weighted_f1": 0.8490628476909305,
  "macro_precision": 0.8523848642829949,
  "macro_recall": 0.848897940728572,
  "classification_report": {
    "0": {
      "precision": 0.9159584513692163,
      "recall": 0.7729083665338645,
      "f1-score": 0.8383751080380294,
      "support": 1255.0
    },
    "1": {
      "precision": 0.9377372817008353,
      "recall": 0.9778305621536025,
      "f1-score": 0.9573643410852714,
      "support": 1263.0
    },
    "2": {
      "precision": 0.782371294851794,
      "recall": 0.8036858974358975,
      "f1-score": 0.7928853754940711,
      "support": 1248.0
    },
    "3": {
      "precision": 0.7734724292101341,
      "recall": 0.8411669367909238,
      "f1-score": 0.8059006211180124,
      "support": 1234.0
    },
    "accuracy": 0.8492,
    "macro avg": {
      "precision": 0.8523848642829949,
      "recall": 0.848897940728572,
      "f1-score": 0.8486313614338461,
      "support": 5000.0
    },
    "weighted avg": {
      "precision": 0.8529508793753732,
      "recall": 0.8492,
      "f1-score": 0.8490628476909305,
      "support": 5000.0
    }
  },
  "confusion_matrix": [
    [
      970,
      60,
      132,
      93
    ],
    [
      2,
      1235,
      19,
      7
    ],
    [
      34,
      7,
      1003,
      204
    ],
    [
      53,
      15,
      128,
      1038
    ]
  ],
  "mean_confidence": 0.8830135577082634,
  "std_confidence": 0.01673960509894633,
  "mean_confidence_correct": 0.8836351353578616,
  "mean_confidence_incorrect": 0.8795132676549552,
  "experiment_name": "ag_news_instructor",
  "dataset": "ag_news",
  "label_mode": "description",
  "pipeline_mode": "biencoder",
  "num_samples": 5000,
  "biencoder": "hkunlp/instructor-large",
  "top_errors": [
    {
      "text": "Sidebar: Oracle Adds Software for Managing Supplier Contracts SEPTEMBER 06, 2004 (COMPUTERWORLD) - As part of an ongoing upgrade of its E-Business Suite 11i business applications, Oracle Corp.",
      "true_label": 3,
      "pred_label": 2,
      "confidence": 0.9336675405502319
    },
    {
      "text": "Grand Central spiffs up integration service Company enhances online service for moving business information between corporations.",
      "true_label": 3,
      "pred_label": 2,
      "confidence": 0.9262672662734985
    },
    {
      "text": "Show lights up Paralympics The XII Paralympics begins in Athens, after a spectacular opening ceremony.",
      "true_label": 0,
      "pred_label": 1,
      "confidence": 0.924431324005127
    },
    {
      "text": "German investor confidence slumped in September BERLIN - German investor confidence dropped sharply in September, a key economic indicator released Tuesday showed amid concerns about the impact of hig",
      "true_label": 0,
      "pred_label": 2,
      "confidence": 0.9240650534629822
    },
    {
      "text": "Football: Azerbaijan 0-1 England Michael Owen heads England's winner in the World Cup qualifier against Azerbaijan.",
      "true_label": 0,
      "pred_label": 1,
      "confidence": 0.9231887459754944
    },
    {
      "text": "Japan should outsource more The Japanese information services industry clocked up sales of 13,703.9 billion yen in fiscal 2001, according to a report on selected service industries for 2001 released b",
      "true_label": 0,
      "pred_label": 2,
      "confidence": 0.9230847358703613
    },
    {
      "text": "webcrawler: A9.com is cool NOW heres something else thats off the mind. Theres no more need to make mental or computer notes while searching the Internet.",
      "true_label": 2,
      "pred_label": 3,
      "confidence": 0.9229419827461243
    },
    {
      "text": "Intel in new chip breakthrough Intel creates a more powerful memory chip without increasing its size, confounding the firm's critics.",
      "true_label": 2,
      "pred_label": 3,
      "confidence": 0.9220726490020752
    },
    {
      "text": "Research Is Definitely in Motion The Blackberry wireless device maker is straining to exceed expectations.",
      "true_label": 2,
      "pred_label": 3,
      "confidence": 0.9217221736907959
    },
    {
      "text": "Argentina Beats U.S. Men's Basketball Team Argentina defeated the United States team of National Basketball Association stars 89-81 here Friday in the Olympic semi-finals, dethroning the three-time de",
      "true_label": 0,
      "pred_label": 1,
      "confidence": 0.9198606014251709
    },
    {
      "text": "How to take the perfect penalty A sports psychologist says how footballers should prepare themselves for the high-pressure penalties.",
      "true_label": 3,
      "pred_label": 1,
      "confidence": 0.919058084487915
    },
    {
      "text": "Red Hat replaces CFO Charles Peters Jr. is taking over as the company deals with the aftereffects of restating its earnings for the past three fiscal years.",
      "true_label": 3,
      "pred_label": 2,
      "confidence": 0.9186451435089111
    },
    {
      "text": "US edge out Brazil for gold The United States beat Brazil 2-1 in extra time to win the women's Olympic football tournament.",
      "true_label": 0,
      "pred_label": 1,
      "confidence": 0.9185541272163391
    },
    {
      "text": "US economic growth slips to 2.8 Annual US economic growth fell to 2.8 in the second quarter of 2004, marking a slowdown from the 3 estimated a month ago.",
      "true_label": 0,
      "pred_label": 2,
      "confidence": 0.9185112714767456
    },
    {
      "text": "Revolving Door  &lt;em&gt; IN&lt;/em&gt;&lt;br&gt;   Aylwin B. Lewis,  president of Yum Brands, as chief executive of Kmart.",
      "true_label": 0,
      "pred_label": 2,
      "confidence": 0.9176077842712402
    },
    {
      "text": "Trading blows When a can of worms is opened, all manner of slimy things crawl out. So it was when the US government fired the first shots in a fusillade against the European Union - by complaining to ",
      "true_label": 2,
      "pred_label": 0,
      "confidence": 0.9175381064414978
    },
    {
      "text": "In Indonesia, Businesses Hopeful After Election After suffering through two shambling administrations, Indonesia appears to have a new president who many of its business leaders say they believe will ",
      "true_label": 0,
      "pred_label": 2,
      "confidence": 0.9162286520004272
    },
    {
      "text": "Former Dot-Com Commerce One Eyes Closure Commerce One Inc., an Internet software maker valued at \\$20 billion at the peak of dot-com mania, is poised to go out of business as a pauper.",
      "true_label": 3,
      "pred_label": 2,
      "confidence": 0.9157330989837646
    },
    {
      "text": "This week in merger news This week saw three merger deals worth about \\$60 billion--including one that ranks as the largest software merger in history.",
      "true_label": 3,
      "pred_label": 2,
      "confidence": 0.9142455458641052
    },
    {
      "text": "HP to tempt holiday shoppers with sights and sounds The computer-hardware giant, best known for products such as PCs and printers, on Friday laid out its plan to become a brand-name in consumer electr",
      "true_label": 2,
      "pred_label": 3,
      "confidence": 0.913859486579895
    }
  ]
}