{
  "accuracy": 0.8446,
  "macro_f1": 0.8428697349245167,
  "weighted_f1": 0.8432124003009067,
  "macro_precision": 0.8450102269353539,
  "macro_recall": 0.8441980276156512,
  "classification_report": {
    "0": {
      "precision": 0.8960802187784868,
      "recall": 0.7832669322709164,
      "f1-score": 0.8358843537414966,
      "support": 1255.0
    },
    "1": {
      "precision": 0.8789808917197452,
      "recall": 0.9833729216152018,
      "f1-score": 0.9282511210762332,
      "support": 1263.0
    },
    "2": {
      "precision": 0.8070318887980377,
      "recall": 0.7908653846153846,
      "f1-score": 0.7988668555240793,
      "support": 1248.0
    },
    "3": {
      "precision": 0.797947908445146,
      "recall": 0.8192868719611021,
      "f1-score": 0.8084766093562575,
      "support": 1234.0
    },
    "accuracy": 0.8446,
    "macro avg": {
      "precision": 0.8450102269353539,
      "recall": 0.8441980276156512,
      "f1-score": 0.8428697349245167,
      "support": 5000.0
    },
    "weighted avg": {
      "precision": 0.8453154114100602,
      "recall": 0.8446,
      "f1-score": 0.8432124003009067,
      "support": 5000.0
    }
  },
  "confusion_matrix": [
    [
      983,
      103,
      115,
      54
    ],
    [
      7,
      1242,
      13,
      1
    ],
    [
      37,
      23,
      987,
      201
    ],
    [
      70,
      45,
      108,
      1011
    ]
  ],
  "mean_confidence": 0.757400566983223,
  "std_confidence": 0.016861837714654628,
  "mean_confidence_correct": 0.7573096682442158,
  "mean_confidence_incorrect": 0.757894602214661,
  "experiment_name": "ag_news_e5",
  "dataset": "ag_news",
  "label_mode": "description",
  "pipeline_mode": "biencoder",
  "num_samples": 5000,
  "biencoder": "intfloat/multilingual-e5-large",
  "top_errors": [
    {
      "text": "Ofcom's review of telecoms due this week &lt;strong&gt;Analysis&lt;/strong&gt; That'll be the circus in town, then",
      "true_label": 3,
      "pred_label": 2,
      "confidence": 0.8176426291465759
    },
    {
      "text": "Biography of a Worm Can anything stop the next global virus outbreak? We follow the trail of one recent worm to see how the security system works--and whether it can be fixed.",
      "true_label": 3,
      "pred_label": 0,
      "confidence": 0.815598726272583
    },
    {
      "text": "Icing call Out of money, out of patience, out of time, and for the foreseeable future, out of business.",
      "true_label": 1,
      "pred_label": 2,
      "confidence": 0.8089607357978821
    },
    {
      "text": "Lackluster Jobs Report Pushes Stocks Down NEW YORK - Investors pushed stocks lower Friday as a surprisingly lackluster job creation report deepened Wall Street's pessimism over the health of the econo",
      "true_label": 0,
      "pred_label": 2,
      "confidence": 0.8045430779457092
    },
    {
      "text": "Lazarus-like virus hits computers A new computer virus is catching people out by coming back from the dead.",
      "true_label": 2,
      "pred_label": 3,
      "confidence": 0.8041337728500366
    },
    {
      "text": "Clicking on Profits The latest data from the US Department of Commerce further bolsters what we have all suspected: E-commerce sales are increasing. Not only might one suspect that consumer confidence",
      "true_label": 2,
      "pred_label": 3,
      "confidence": 0.8037060499191284
    },
    {
      "text": "Research Is Definitely in Motion The Blackberry wireless device maker is straining to exceed expectations.",
      "true_label": 2,
      "pred_label": 3,
      "confidence": 0.8018024563789368
    },
    {
      "text": "US consumers unaware of spyware The findings come in a report from the newly formed Consumer Spyware Initiative, a joint effort by Dell and the non-profit Internet Education Foundation that aims to in",
      "true_label": 2,
      "pred_label": 3,
      "confidence": 0.8016126751899719
    },
    {
      "text": "How to take the perfect penalty A sports psychologist says how footballers should prepare themselves for the high-pressure penalties.",
      "true_label": 3,
      "pred_label": 1,
      "confidence": 0.801558792591095
    },
    {
      "text": "Playing with the traumas of war Are games based on the Vietnam conflict making us immune to realities of history?",
      "true_label": 3,
      "pred_label": 0,
      "confidence": 0.798252284526825
    },
    {
      "text": "webcrawler: A9.com is cool NOW heres something else thats off the mind. Theres no more need to make mental or computer notes while searching the Internet.",
      "true_label": 2,
      "pred_label": 3,
      "confidence": 0.7973095178604126
    },
    {
      "text": "September Retail Sales Up by 1.5 Percent WASHINGTON - Shoppers got their buying groove back last month, propelling sales at the nation's retailers by a strong 1.5 percent. It was the best showing sinc",
      "true_label": 0,
      "pred_label": 2,
      "confidence": 0.7969273328781128
    },
    {
      "text": "Apple offers 2004 financial details Apple's latest Form 10-K filing with the Securities and Exchange Commission offers a look at how the company did this past year, how it thinks it's doing and what's",
      "true_label": 3,
      "pred_label": 2,
      "confidence": 0.7964874505996704
    },
    {
      "text": "Crunch Time for Biotech Companies Washington area biotech companies will face pivotal moments this year, finding out whether key products work before money dries up, fending off competition from bigge",
      "true_label": 2,
      "pred_label": 3,
      "confidence": 0.7953484058380127
    },
    {
      "text": "Spyware opponents win another battle The Federal Trade Commission won an important victory last week in its fight to protect consumers from spyware, the software that tracks unsuspecting Web surfers, ",
      "true_label": 2,
      "pred_label": 3,
      "confidence": 0.7951730489730835
    },
    {
      "text": "Boxer Begs Bush to Back Bum Bill Members of California's congressional team make one last effort to look good for the tech industry back home.",
      "true_label": 2,
      "pred_label": 3,
      "confidence": 0.7946216464042664
    },
    {
      "text": "Toyota: Some security firms promise too much If \"it sounds like you are being offered a panacea, then it's time to change the conversation,\" says an exec for the firm.",
      "true_label": 3,
      "pred_label": 2,
      "confidence": 0.7943178415298462
    },
    {
      "text": "Stocks Sink on Coke's Gloomy Forecast NEW YORK - Stocks headed lower Wednesday after beverage giant Coca-Cola Co. issued a gloomy forecast, and a lower-than-expected reading on industrial production f",
      "true_label": 0,
      "pred_label": 2,
      "confidence": 0.7928390502929688
    },
    {
      "text": "Briefly: MSN Messenger beta leaks onto Web roundup Plus: Level 3 to buy Sprint's dial-up business...Cisco CEO's salary shoots up from \\$1...SanDisk ups capacity on flash memory cards.",
      "true_label": 3,
      "pred_label": 2,
      "confidence": 0.7928309440612793
    },
    {
      "text": "Blame player, not game It was like nothing youd ever exercised your thumbs to before. You could do whatever you wanted, whenever you wanted. The game seemed endless.",
      "true_label": 3,
      "pred_label": 1,
      "confidence": 0.792685866355896
    }
  ]
}