{
  "accuracy": 0.8348,
  "macro_f1": 0.8190293116070801,
  "weighted_f1": 0.8201059260166589,
  "macro_precision": 0.8450136256620091,
  "macro_recall": 0.8369042248072764,
  "classification_report": {
    "0": {
      "precision": 0.9096989966555183,
      "recall": 0.6956521739130435,
      "f1-score": 0.7884057971014493,
      "support": 391.0
    },
    "1": {
      "precision": 0.8427230046948356,
      "recall": 0.9917127071823204,
      "f1-score": 0.9111675126903553,
      "support": 362.0
    },
    "2": {
      "precision": 0.9290780141843972,
      "recall": 0.3608815426997245,
      "f1-score": 0.5198412698412699,
      "support": 363.0
    },
    "3": {
      "precision": 0.8316831683168316,
      "recall": 0.9970326409495549,
      "f1-score": 0.9068825910931174,
      "support": 337.0
    },
    "4": {
      "precision": 0.9792746113989638,
      "recall": 0.9,
      "f1-score": 0.9379652605459057,
      "support": 420.0
    },
    "5": {
      "precision": 0.75177304964539,
      "recall": 0.3028571428571429,
      "f1-score": 0.4317718940936864,
      "support": 350.0
    },
    "6": {
      "precision": 0.544921875,
      "recall": 0.8353293413173652,
      "f1-score": 0.6595744680851063,
      "support": 334.0
    },
    "7": {
      "precision": 0.8992443324937027,
      "recall": 0.9972067039106145,
      "f1-score": 0.9456953642384106,
      "support": 358.0
    },
    "8": {
      "precision": 0.9240121580547113,
      "recall": 0.9838187702265372,
      "f1-score": 0.9529780564263323,
      "support": 309.0
    },
    "9": {
      "precision": 0.915068493150685,
      "recall": 0.962536023054755,
      "f1-score": 0.9382022471910112,
      "support": 347.0
    },
    "10": {
      "precision": 0.9621621621621622,
      "recall": 0.964769647696477,
      "f1-score": 0.9634641407307172,
      "support": 369.0
    },
    "11": {
      "precision": 0.7398190045248869,
      "recall": 0.9969512195121951,
      "f1-score": 0.8493506493506493,
      "support": 328.0
    },
    "12": {
      "precision": 0.8747044917257684,
      "recall": 0.9814323607427056,
      "f1-score": 0.925,
      "support": 377.0
    },
    "13": {
      "precision": 0.726027397260274,
      "recall": 0.7464788732394366,
      "f1-score": 0.7361111111111112,
      "support": 355.0
    },
    "accuracy": 0.8348,
    "macro avg": {
      "precision": 0.8450136256620091,
      "recall": 0.8369042248072764,
      "f1-score": 0.8190293116070801,
      "support": 5000.0
    },
    "weighted avg": {
      "precision": 0.84897803568039,
      "recall": 0.8348,
      "f1-score": 0.8201059260166589,
      "support": 5000.0
    }
  },
  "confusion_matrix": [
    [
      272,
      11,
      2,
      9,
      1,
      29,
      10,
      4,
      1,
      1,
      0,
      28,
      13,
      10
    ],
    [
      0,
      359,
      0,
      0,
      0,
      1,
      1,
      0,
      0,
      0,
      0,
      0,
      1,
      0
    ],
    [
      1,
      4,
      131,
      39,
      4,
      0,
      1,
      1,
      0,
      0,
      0,
      84,
      22,
      76
    ],
    [
      0,
      0,
      0,
      336,
      0,
      0,
      0,
      0,
      0,
      0,
      0,
      0,
      0,
      1
    ],
    [
      2,
      18,
      2,
      11,
      378,
      0,
      0,
      0,
      1,
      0,
      0,
      0,
      1,
      7
    ],
    [
      7,
      2,
      0,
      0,
      0,
      106,
      219,
      6,
      0,
      7,
      0,
      0,
      1,
      2
    ],
    [
      2,
      13,
      2,
      0,
      0,
      3,
      279,
      17,
      13,
      1,
      0,
      0,
      2,
      2
    ],
    [
      0,
      0,
      0,
      0,
      0,
      0,
      0,
      357,
      1,
      0,
      0,
      0,
      0,
      0
    ],
    [
      0,
      0,
      0,
      0,
      0,
      0,
      0,
      5,
      304,
      0,
      0,
      0,
      0,
      0
    ],
    [
      0,
      0,
      0,
      2,
      0,
      0,
      0,
      1,
      0,
      334,
      10,
      0,
      0,
      0
    ],
    [
      0,
      0,
      0,
      0,
      0,
      0,
      0,
      1,
      0,
      12,
      356,
      0,
      0,
      0
    ],
    [
      0,
      0,
      0,
      0,
      0,
      0,
      0,
      0,
      0,
      0,
      0,
      327,
      1,
      0
    ],
    [
      0,
      0,
      0,
      1,
      0,
      0,
      0,
      0,
      0,
      3,
      0,
      1,
      370,
      2
    ],
    [
      15,
      19,
      4,
      6,
      3,
      2,
      2,
      5,
      9,
      7,
      4,
      2,
      12,
      265
    ]
  ],
  "mean_confidence": 0.8996718664646148,
  "std_confidence": 0.020023812870422222,
  "mean_confidence_correct": 0.9019532827995128,
  "mean_confidence_incorrect": 0.8881432565592103,
  "experiment_name": "dbpedia_14_instructor",
  "dataset": "dbpedia_14",
  "label_mode": "description",
  "pipeline_mode": "biencoder",
  "num_samples": 5000,
  "biencoder": "hkunlp/instructor-large",
  "top_errors": [
    {
      "text": " John R.",
      "true_label": 4,
      "pred_label": 13,
      "confidence": 0.9523934125900269
    },
    {
      "text": " Martyn J.",
      "true_label": 3,
      "pred_label": 13,
      "confidence": 0.9469781517982483
    },
    {
      "text": " Creative Vibes is a record label that sources signs and releases local Australian acts.",
      "true_label": 0,
      "pred_label": 11,
      "confidence": 0.9421945810317993
    },
    {
      "text": " Aechmea depressa is a species of the genus Aechmea. This species is endemic to Brazil.",
      "true_label": 10,
      "pred_label": 9,
      "confidence": 0.938679575920105
    },
    {
      "text": " Guzmania candelabrum is a species of the genus Guzmania. This species is native to Ecuador.",
      "true_label": 10,
      "pred_label": 9,
      "confidence": 0.936290979385376
    },
    {
      "text": " Lisa Grunwald Adler (born 1959) is an American author.",
      "true_label": 2,
      "pred_label": 13,
      "confidence": 0.935936450958252
    },
    {
      "text": " Aechmea retusa is a species of the genus Aechmea. This species is native to Ecuador.",
      "true_label": 10,
      "pred_label": 9,
      "confidence": 0.9346433877944946
    },
    {
      "text": " Aechmea macrochlamys is a species of the genus Aechmea. This species is endemic to Brazil.",
      "true_label": 10,
      "pred_label": 9,
      "confidence": 0.9343531131744385
    },
    {
      "text": " Blue Horizon Records was a British blues independent record label founded by Mike Vernon in 1966.",
      "true_label": 0,
      "pred_label": 11,
      "confidence": 0.934166431427002
    },
    {
      "text": " Hechtia galeottii is a species of the genus Hechtia. This species is endemic to Mexico.",
      "true_label": 10,
      "pred_label": 9,
      "confidence": 0.9319977760314941
    },
    {
      "text": " Terry Alan Smiljanich is an American lawyer.",
      "true_label": 4,
      "pred_label": 3,
      "confidence": 0.9319435358047485
    },
    {
      "text": " Neoregelia mucugensis is a species of the genus Neoregelia. This species is endemic to Brazil.",
      "true_label": 10,
      "pred_label": 9,
      "confidence": 0.9310267567634583
    },
    {
      "text": " Space Coast Area Transit is the municipal bus system serving the Brevard County Florida area.",
      "true_label": 0,
      "pred_label": 5,
      "confidence": 0.930252194404602
    },
    {
      "text": " UAMS Medical Center is a teaching hospital and a Level I trauma center located in Little Rock Arkansas.",
      "true_label": 6,
      "pred_label": 1,
      "confidence": 0.9293431043624878
    },
    {
      "text": " Martine Broda (1947–2009) was a French writer poet and translator.",
      "true_label": 2,
      "pred_label": 13,