{
  "accuracy": 0.75,
  "macro_f1": 0.7226884181803763,
  "weighted_f1": 0.7256032291742788,
  "macro_precision": 0.7550093967120788,
  "macro_recall": 0.7490057799159784,
  "classification_report": {
    "0": {
      "precision": 0.9068825910931174,
      "recall": 0.5728900255754475,
      "f1-score": 0.7021943573667712,
      "support": 391.0
    },
    "1": {
      "precision": 0.8156028368794326,
      "recall": 0.9530386740331491,
      "f1-score": 0.8789808917197452,
      "support": 362.0
    },
    "2": {
      "precision": 0.6836461126005362,
      "recall": 0.7024793388429752,
      "f1-score": 0.6929347826086957,
      "support": 363.0
    },
    "3": {
      "precision": 0.8337730870712401,
      "recall": 0.9376854599406528,
      "f1-score": 0.88268156424581,
      "support": 337.0
    },
    "4": {
      "precision": 0.8992974238875878,
      "recall": 0.9142857142857143,
      "f1-score": 0.9067296340023613,
      "support": 420.0
    },
    "5": {
      "precision": 0.6043956043956044,
      "recall": 0.15714285714285714,
      "f1-score": 0.2494331065759637,
      "support": 350.0
    },
    "6": {
      "precision": 0.738562091503268,
      "recall": 0.3383233532934132,
      "f1-score": 0.46406570841889117,
      "support": 334.0
    },
    "7": {
      "precision": 0.8726287262872628,
      "recall": 0.8994413407821229,
      "f1-score": 0.8858321870701513,
      "support": 358.0
    },
    "8": {
      "precision": 0.7292161520190024,
      "recall": 0.9935275080906149,
      "f1-score": 0.8410958904109589,
      "support": 309.0
    },
    "9": {
      "precision": 0.7228464419475655,
      "recall": 0.5561959654178674,
      "f1-score": 0.6286644951140065,
      "support": 347.0
    },
    "10": {
      "precision": 0.6245674740484429,
      "recall": 0.978319783197832,
      "f1-score": 0.7624076029567054,
      "support": 369.0
    },
    "11": {
      "precision": 0.6022099447513812,
      "recall": 0.9969512195121951,
      "f1-score": 0.7508610792192881,
      "support": 328.0
    },
    "12": {
      "precision": 0.7198364008179959,
      "recall": 0.9336870026525199,
      "f1-score": 0.812933025404157,
      "support": 377.0
    },
    "13": {
      "precision": 0.8166666666666667,
      "recall": 0.5521126760563381,
      "f1-score": 0.6588235294117647,
      "support": 355.0
    },
    "accuracy": 0.75,
    "macro avg": {
      "precision": 0.7550093967120788,
      "recall": 0.7490057799159784,
      "f1-score": 0.7226884181803763,
      "support": 5000.0
    },
    "weighted avg": {
      "precision": 0.7585498694672006,
      "recall": 0.75,
      "f1-score": 0.7256032291742788,
      "support": 5000.0
    }
  },
  "confusion_matrix": [
    [
      224,
      12,
      19,
      10,
      7,
      33,
      4,
      2,
      3,
      2,
      8,
      41,
      19,
      7
    ],
    [
      2,
      345,
      2,
      7,
      0,
      1,
      2,
      0,
      1,
      0,
      0,
      0,
      2,
      0
    ],
    [
      0,
      4,
      255,
      1,
      4,
      0,
      0,
      1,
      0,
      1,
      0,
      55,
      9,
      33
    ],
    [
      0,
      2,
      11,
      316,
      1,
      0,
      0,
      0,
      0,
      0,
      0,
      7,
      0,
      0
    ],
    [
      0,
      11,
      17,
      5,
      384,
      0,
      0,
      0,
      1,
      1,
      0,
      0,
      1,
      0
    ],
    [
      6,
      3,
      19,
      27,
      13,
      55,
      32,
      6,
      6,
      33,
      34,
      45,
      70,
      1
    ],
    [
      6,
      40,
      10,
      1,
      7,
      1,
      113,
      32,
      83,
      0,
      10,
      24,
      5,
      2
    ],
    [
      0,
      0,
      5,
      0,
      0,
      0,
      1,
      322,
      13,
      12,
      4,
      0,
      1,
      0
    ],
    [
      0,
      0,
      0,
      0,
      0,
      0,
      0,
      1,
      307,
      0,
      0,
      0,
      1,
      0
    ],
    [
      0,
      0,
      0,
      2,
      0,
      0,
      0,
      1,
      0,
      193,
      151,
      0,
      0,
      0
    ],
    [
      0,
      0,
      2,
      0,
      0,
      0,
      0,
      1,
      0,
      5,
      361,
      0,
      0,
      0
    ],
    [
      0,
      0,
      1,
      0,
      0,
      0,
      0,
      0,
      0,
      0,
      0,
      327,
      0,
      0
    ],
    [
      0,
      0,
      8,
      3,
      0,
      0,
      0,
      0,
      0,
      1,
      0,
      12,
      352,
      1
    ],
    [
      9,
      6,
      24,
      7,
      11,
      1,
      1,
      3,
      7,
      19,
      10,
      32,
      29,
      196
    ]
  ],
  "mean_confidence": 0.4496960595279932,
  "std_confidence": 0.11935364617208769,
  "mean_confidence_correct": 0.4561751717289289,
  "mean_confidence_incorrect": 0.43025872292518613,
  "experiment_name": "dbpedia_14_snowflake",
  "dataset": "dbpedia_14",
  "label_mode": "description",
  "pipeline_mode": "biencoder",
  "num_samples": 5000,
  "biencoder": "Snowflake/snowflake-arctic-embed-m",
  "top_errors": [
    {
      "text": " Meteorological Monographs is a peer-reviewed monograph series published by the American Meteorological Society. The series has two parts historical and meteorological.",
      "true_label": 13,
      "pred_label": 10,
      "confidence": 0.7576420307159424
    },
    {
      "text": " Martyn J.",
      "true_label": 3,
      "pred_label": 4,
      "confidence": 0.7465252876281738
    },
    {
      "text": " The Press is the local daily paper for a substantial area of North and East Yorkshire based on the city of York.",
      "true_label": 13,
      "pred_label": 8,
      "confidence": 0.7351966500282288
    },
    {
      "text": " Today was a national newspaper in the United Kingdom and was published between 1986 and 1995.",
      "true_label": 13,
      "pred_label": 4,
      "confidence": 0.7337815761566162
    },
    {
      "text": " The Cleveland Scene is an alternative weekly newspaper based in Cleveland Ohio. The newspaper includes highlights of Cleveland-area arts music dining and films as well as classified advertising.",
      "true_label": 13,
      "pred_label": 12,
      "confidence": 0.7330548763275146
    },
    {
      "text": " Orlando is a French record label owned by Bruno Gigliotti also known as Orlando.",
      "true_label": 0,
      "pred_label": 11,
      "confidence": 0.7174149751663208
    },
    {
      "text": " Our Song is a drama film released in 2000.",
      "true_label": 12,
      "pred_label": 11,
      "confidence": 0.717018723487854
    },
    {
      "text": " Ska Satellite was started by Moon Ska Records as a way to produce smaller acts on a lower budget.",
      "true_label": 0,
      "pred_label": 11,
      "confidence": 0.7169147729873657
    },
    {
      "text": " The Unterelbe (literally lower Elbe) is the lower part of the river Elbe (near Hamburg Germany).",
      "true_label": 7,
      "pred_label": 8,
      "confidence": 0.7140547037124634
    },
    {
      "text": " The World Database on Protected Areas (WDPA) is the largest assembly of data on the world's terrestrial and marine protected areas containing more than 161000 protected areas as of October 2010 with ",
      "true_label": 0,
      "pred_label": 10,
      "confidence": 0.7126789093017578
    },
    {
      "text": " Claycord.com News & Talk is an independent news blog.",
      "true_label": 0,
      "pred_label": 4,
      "confidence": 0.7118524312973022
    },
    {
      "text": " Academia de Talentos is a Portuguese online newspaper dedicated to youth-level football.",
      "true_label": 13,
      "pred_label": 3,
      "confidence": 0.7072173357009888
    },
    {
      "text": " Creative Vibes is a record label that sources signs and releases local Australian acts.",
      "true_label": 0,
      "pred_label": 2,