{
  "accuracy": 0.7936,
  "macro_f1": 0.77805848733229,
  "weighted_f1": 0.7819064153326449,
  "macro_precision": 0.7984378451676563,
  "macro_recall": 0.7932807881553805,
  "classification_report": {
    "0": {
      "precision": 0.8555133079847909,
      "recall": 0.5754475703324808,
      "f1-score": 0.6880733944954128,
      "support": 391.0
    },
    "1": {
      "precision": 0.857487922705314,
      "recall": 0.9806629834254144,
      "f1-score": 0.9149484536082474,
      "support": 362.0
    },
    "2": {
      "precision": 0.849112426035503,
      "recall": 0.790633608815427,
      "f1-score": 0.818830242510699,
      "support": 363.0
    },
    "3": {
      "precision": 0.825,
      "recall": 0.9792284866468842,
      "f1-score": 0.8955223880597015,
      "support": 337.0
    },
    "4": {
      "precision": 0.9300699300699301,
      "recall": 0.95,
      "f1-score": 0.9399293286219081,
      "support": 420.0
    },
    "5": {
      "precision": 0.6106870229007634,
      "recall": 0.22857142857142856,
      "f1-score": 0.33264033264033266,
      "support": 350.0
    },
    "6": {
      "precision": 0.45103092783505155,
      "recall": 0.5239520958083832,
      "f1-score": 0.48476454293628807,
      "support": 334.0
    },
    "7": {
      "precision": 0.9096989966555183,
      "recall": 0.7597765363128491,
      "f1-score": 0.8280060882800608,
      "support": 358.0
    },
    "8": {
      "precision": 0.5469314079422383,
      "recall": 0.9805825242718447,
      "f1-score": 0.7022016222479722,
      "support": 309.0
    },
    "9": {
      "precision": 0.8508771929824561,
      "recall": 0.8386167146974063,
      "f1-score": 0.8447024673439768,
      "support": 347.0
    },
    "10": {
      "precision": 0.8340909090909091,
      "recall": 0.994579945799458,
      "f1-score": 0.907292954264524,
      "support": 369.0
    },
    "11": {
      "precision": 0.8664850136239782,
      "recall": 0.9695121951219512,
      "f1-score": 0.9151079136690647,
      "support": 328.0
    },
    "12": {
      "precision": 0.8816425120772947,
      "recall": 0.9681697612732095,
      "f1-score": 0.922882427307206,
      "support": 377.0
    },
    "13": {
      "precision": 0.9095022624434389,
      "recall": 0.5661971830985916,
      "f1-score": 0.6979166666666666,
      "support": 355.0
    },
    "accuracy": 0.7936,
    "macro avg": {
      "precision": 0.7984378451676563,
      "recall": 0.7932807881553805,
      "f1-score": 0.77805848733229,
      "support": 5000.0
    },
    "weighted avg": {
      "precision": 0.804670178519864,
      "recall": 0.7936,
      "f1-score": 0.7819064153326449,
      "support": 5000.0
    }
  },
  "confusion_matrix": [
    [
      225,
      10,
      11,
      10,
      3,
      38,
      25,
      6,
      15,
      1,
      4,
      29,
      12,
      2
    ],
    [
      0,
      355,
      0,
      0,
      0,
      1,
      0,
      0,
      5,
      0,
      0,
      0,
      1,
      0
    ],
    [
      0,
      0,
      287,
      27,
      17,
      0,
      1,
      0,
      0,
      0,
      0,
      7,
      7,
      17
    ],
    [
      0,
      0,
      5,
      330,
      2,
      0,
      0,
      0,
      0,
      0,
      0,
      0,
      0,
      0
    ],
    [
      1,
      6,
      7,
      6,
      399,
      0,
      0,
      0,
      1,
      0,
      0,
      0,
      0,
      0
    ],
    [
      13,
      5,
      7,
      15,
      1,
      80,
      183,
      3,
      4,
      24,
      3,
      2,
      10,
      0
    ],
    [
      0,
      20,
      6,
      0,
      0,
      1,
      175,
      10,
      119,
      1,
      1,
      0,
      1,
      0
    ],
    [
      1,
      1,
      0,
      0,
      0,
      2,
      0,
      272,
      79,
      2,
      1,
      0,
      0,
      0
    ],
    [
      0,
      0,
      0,
      0,
      0,
      0,
      1,
      5,
      303,
      0,
      0,
      0,
      0,
      0
    ],
    [
      0,
      0,
      0,
      2,
      0,
      1,
      0,
      1,
      0,
      291,
      52,
      0,
      0,
      0
    ],
    [
      0,
      0,
      0,
      1,
      0,
      0,
      0,
      0,
      0,
      1,
      367,
      0,
      0,
      0
    ],
    [
      0,
      0,
      3,
      0,
      0,
      0,
      0,
      0,
      2,
      1,
      1,
      318,
      2,
      1
    ],
    [
      0,
      1,
      0,
      3,
      1,
      1,
      0,
      0,
      0,
      2,
      1,
      3,
      365,
      0
    ],
    [
      23,
      16,
      12,
      6,
      6,
      7,
      3,
      2,
      26,
      19,
      10,
      8,
      16,
      201
    ]
  ],
  "mean_confidence": 0.25677986612170933,
  "std_confidence": 0.08338378184246982,
  "mean_confidence_correct": 0.2693857211983883,
  "mean_confidence_incorrect": 0.20831084195091282,
  "experiment_name": "dbpedia_14_mpnet",
  "dataset": "dbpedia_14",
  "label_mode": "description",
  "pipeline_mode": "biencoder",
  "num_samples": 5000,
  "biencoder": "sentence-transformers/all-mpnet-base-v2",
  "top_errors": [
    {
      "text": " De Historia Stirpium Commentarii Insignes Notable Commentaries on the History of Plants) is a book by Leonhart Fuchs on herbal plants published in Basel in 1542. It was illustrated by: Albrecht Meyer",
      "true_label": 13,
      "pred_label": 10,
      "confidence": 0.4930233061313629
    },
    {
      "text": " ArtCrimes was a Cleveland cult underground publication published by Steven B. Smith. The zine was influenced by the beats and was consistent with the style of publications from the days of Kerouac Co",
      "true_label": 13,
      "pred_label": 2,
      "confidence": 0.49235397577285767
    },
    {
      "text": " Actinidia /ˌæktɨˈnɪdiə/ is a genus of woody and with few exceptions dioecious plants native to temperate eastern Asia occurring throughout most of China Taiwan Korea and Japan and extending north to ",
      "true_label": 9,
      "pred_label": 10,
      "confidence": 0.4723920226097107
    },
    {
      "text": " ZooKeys is a peer-reviewed open access academic journal for the field of zoology. It was established in 2008 and the editor-in-chief is Terry Erwin from the Smithsonian Institution. It is published b",
      "true_label": 13,
      "pred_label": 9,
      "confidence": 0.4613914489746094
    },
    {
      "text": " The Get Schooled Foundation (also Get Schooled or getschooled.com) is a non-profit organization dedicated to using the power of media technology and popular culture to motivate and inspire young peop",
      "true_label": 0,
      "pred_label": 1,
      "confidence": 0.4515156149864197
    },
    {
      "text": " Société de transport du Saguenay (STS) is the public transport company in Saguenay Quebec Canada formerly the Corporation intermunicipale de transport du Saguenay (CITS). They operate from three main",
      "true_label": 0,
      "pred_label": 5,
      "confidence": 0.44227689504623413
    },
    {
      "text": " Stenopetala is a quarterly periodical and the official publication of The New Zealand Carnivorous Plant Society. Typical articles include matters of horticultural interest field reports literature re",
      "true_label": 13,
      "pred_label": 10,
      "confidence": 0.4244852066040039
    },
    {
      "text": " gela21 is a non-profit organization located in Talence in the campus of the École nationale supérieure d'architecture et de paysage de Bordeaux France. Created in 2009 this student association works ",
      "true_label": 0,
      "pred_label": 6,
      "confidence": 0.4216534197330475
    },
    {
      "text": " Transurban manages and develops urban toll road networks in Australia and North America. It is a Top 50 company on the Australian Securities Exchange (ASX) and has been in business since 1996.In Aust",
      "true_label": 0,
      "pred_label": 5,