{
  "accuracy": 0.8424,
  "macro_f1": 0.8355358098355923,
  "weighted_f1": 0.8358996810062564,
  "macro_precision": 0.8514210179284216,
  "macro_recall": 0.8432276826663169,
  "classification_report": {
    "0": {
      "precision": 0.8660436137071651,
      "recall": 0.710997442455243,
      "f1-score": 0.7808988764044944,
      "support": 391.0
    },
    "1": {
      "precision": 0.7894736842105263,
      "recall": 0.994475138121547,
      "f1-score": 0.8801955990220048,
      "support": 362.0
    },
    "2": {
      "precision": 0.9495798319327731,
      "recall": 0.6225895316804407,
      "f1-score": 0.7520798668885191,
      "support": 363.0
    },
    "3": {
      "precision": 0.8783068783068783,
      "recall": 0.9851632047477745,
      "f1-score": 0.9286713286713286,
      "support": 337.0
    },
    "4": {
      "precision": 0.9272300469483568,
      "recall": 0.9404761904761905,
      "f1-score": 0.933806146572104,
      "support": 420.0
    },
    "5": {
      "precision": 0.7881773399014779,
      "recall": 0.45714285714285713,
      "f1-score": 0.5786618444846293,
      "support": 350.0
    },
    "6": {
      "precision": 0.6492890995260664,
      "recall": 0.8203592814371258,
      "f1-score": 0.7248677248677249,
      "support": 334.0
    },
    "7": {
      "precision": 0.972027972027972,
      "recall": 0.776536312849162,
      "f1-score": 0.8633540372670807,
      "support": 358.0
    },
    "8": {
      "precision": 0.8818443804034583,
      "recall": 0.9902912621359223,
      "f1-score": 0.9329268292682927,
      "support": 309.0
    },
    "9": {
      "precision": 0.9172661870503597,
      "recall": 0.7348703170028819,
      "f1-score": 0.816,
      "support": 347.0
    },
    "10": {
      "precision": 0.7439516129032258,
      "recall": 1.0,
      "f1-score": 0.8531791907514451,
      "support": 369.0
    },
    "11": {
      "precision": 0.8376288659793815,
      "recall": 0.9908536585365854,
      "f1-score": 0.9078212290502793,
      "support": 328.0
    },
    "12": {
      "precision": 0.8584686774941995,
      "recall": 0.9814323607427056,
      "f1-score": 0.9158415841584159,
      "support": 377.0
    },
    "13": {
      "precision": 0.8606060606060606,
      "recall": 0.8,
      "f1-score": 0.8291970802919708,
      "support": 355.0
    },
    "accuracy": 0.8424,
    "macro avg": {
      "precision": 0.8514210179284216,
      "recall": 0.8432276826663169,
      "f1-score": 0.8355358098355923,
      "support": 5000.0
    },
    "weighted avg": {
      "precision": 0.8528892444240816,
      "recall": 0.8424,
      "f1-score": 0.8358996810062564,
      "support": 5000.0
    }
  },
  "confusion_matrix": [
    [
      278,
      14,
      5,
      7,
      1,
      30,
      11,
      2,
      1,
      0,
      0,
      27,
      9,
      6
    ],
    [
      0,
      360,
      0,
      0,
      0,
      0,
      0,
      0,
      0,
      0,
      0,
      0,
      2,
      0
    ],
    [
      1,
      8,
      226,
      24,
      17,
      0,
      2,
      1,
      0,
      0,
      0,
      28,
      19,
      37
    ],
    [
      0,
      3,
      0,
      332,
      2,
      0,
      0,
      0,
      0,
      0,
      0,
      0,
      0,
      0
    ],
    [
      1,
      18,
      0,
      3,
      395,
      0,
      1,
      0,
      0,
      0,
      0,
      0,
      1,
      1
    ],
    [
      22,
      9,
      0,
      7,
      7,
      160,
      121,
      0,
      1,
      9,
      5,
      0,
      9,
      0
    ],
    [
      7,
      31,
      1,
      0,
      0,
      5,
      274,
      3,
      9,
      1,
      0,
      0,
      2,
      1
    ],
    [
      0,
      1,
      1,
      0,
      0,
      8,
      10,
      278,
      26,
      4,
      29,
      1,
      0,
      0
    ],
    [
      0,
      1,
      0,
      0,
      0,
      0,
      0,
      2,
      306,
      0,
      0,
      0,
      0,
      0
    ],
    [
      0,
      0,
      0,
      2,
      0,
      0,
      0,
      0,
      0,
      255,
      90,
      0,
      0,
      0
    ],
    [
      0,
      0,
      0,
      0,
      0,
      0,
      0,
      0,
      0,
      0,
      369,
      0,
      0,
      0
    ],
    [
      0,
      0,
      1,
      0,
      0,
      0,
      0,
      0,
      0,
      0,
      0,
      325,
      2,
      0
    ],
    [
      0,
      0,
      0,
      1,
      0,
      0,
      0,
      0,
      0,
      2,
      0,
      3,
      370,
      1
    ],
    [
      12,
      11,
      4,
      2,
      4,
      0,
      3,
      0,
      4,
      7,
      3,
      4,
      17,
      284
    ]
  ],
  "mean_confidence": 0.34399050795733926,
  "std_confidence": 0.059798985951314325,
  "mean_confidence_correct": 0.35126328613018265,
  "mean_confidence_incorrect": 0.305116216505542,
  "experiment_name": "dbpedia_14_qwen3",
  "dataset": "dbpedia_14",
  "label_mode": "description",
  "pipeline_mode": "biencoder",
  "num_samples": 5000,
  "biencoder": "Qwen/Qwen3-Embedding-8B",
  "top_errors": [
    {
      "text": " The Get Schooled Foundation (also Get Schooled or getschooled.com) is a non-profit organization dedicated to using the power of media technology and popular culture to motivate and inspire young peop",
      "true_label": 0,
      "pred_label": 1,
      "confidence": 0.5020066499710083
    },
    {
      "text": " Summon (formerly InstantCab) is a mobile application that matches customers needing transportation with a taxi driver or a personal driver who is willing to provide a ride. It is part of a group of T",
      "true_label": 0,
      "pred_label": 5,
      "confidence": 0.4709199368953705
    },
    {
      "text": " gela21 is a non-profit organization located in Talence in the campus of the École nationale supérieure d'architecture et de paysage de Bordeaux France. Created in 2009 this student association works ",
      "true_label": 0,
      "pred_label": 1,
      "confidence": 0.46564948558807373
    },
    {
      "text": " The NYC Teaching Fellows is an alternative certification program that aims to improve the quality of education in New York City public schools by attracting mid-career professionals recent graduates ",
      "true_label": 0,
      "pred_label": 1,
      "confidence": 0.46205273270606995
    },
    {
      "text": " Politics of Eritrea takes place in a framework of a single-party presidential republic whereby the Eritrean President is both head of state and head of government and a single-party state led by the ",
      "true_label": 0,
      "pred_label": 4,
      "confidence": 0.45838916301727295
    },
    {
      "text": " The Fort Worth Transportation Authority (popularly known as The T) is a transit agency located in Fort Worth Texas.The T primarily operates Fort Worth's bus system which also serves several Fort Wort",
      "true_label": 0,
      "pred_label": 5,
      "confidence": 0.45352843403816223
    },
    {
      "text": " O Ateneu is a novel written by Brazilian's authors Raul Pompéia in 1888's which is considered one of the most prominent examples of Brazilian Realism and Naturalism. The book narrates in the first pe",
      "true_label": 13,
      "pred_label": 1,
      "confidence": 0.44901442527770996
    },
    {
      "text": " The Baldwin-Wallace College South Campus Historic District is an area of land on the south end of the Baldwin Wallace University campus. When the district was established the school was Baldwin-Walla",
      "true_label": 6,
      "pred_label": 1,
      "confidence": 0.44548675417900085
    },
    {
      "text": " Coventry Park and Ride is a park and ride system operated under contract to Coventry City Council and Centro in the English city of Coventry. Designed to relieve traffic congestion from the city cent",
      "true_label": 0,
      "pred_label": 5,