{
  "accuracy": 0.776,
  "macro_f1": 0.7562273984701733,
  "weighted_f1": 0.7593899932340598,
  "macro_precision": 0.7822242182917993,
  "macro_recall": 0.7759639833552026,
  "classification_report": {
    "0": {
      "precision": 0.7079207920792079,
      "recall": 0.731457800511509,
      "f1-score": 0.7194968553459119,
      "support": 391.0
    },
    "1": {
      "precision": 0.7579617834394905,
      "recall": 0.9861878453038674,
      "f1-score": 0.8571428571428571,
      "support": 362.0
    },
    "2": {
      "precision": 0.8520710059171598,
      "recall": 0.39669421487603307,
      "f1-score": 0.5413533834586466,
      "support": 363.0
    },
    "3": {
      "precision": 0.7659090909090909,
      "recall": 1.0,
      "f1-score": 0.8674388674388674,
      "support": 337.0
    },
    "4": {
      "precision": 0.9359605911330049,
      "recall": 0.9047619047619048,
      "f1-score": 0.9200968523002422,
      "support": 420.0
    },
    "5": {
      "precision": 0.7638888888888888,
      "recall": 0.3142857142857143,
      "f1-score": 0.44534412955465585,
      "support": 350.0
    },
    "6": {
      "precision": 0.6074074074074074,
      "recall": 0.49101796407185627,
      "f1-score": 0.543046357615894,
      "support": 334.0
    },
    "7": {
      "precision": 0.9333333333333333,
      "recall": 0.7039106145251397,
      "f1-score": 0.802547770700637,
      "support": 358.0
    },
    "8": {
      "precision": 0.6055226824457594,
      "recall": 0.9935275080906149,
      "f1-score": 0.7524509803921569,
      "support": 309.0
    },
    "9": {
      "precision": 0.8005540166204986,
      "recall": 0.8328530259365994,
      "f1-score": 0.8163841807909604,
      "support": 347.0
    },
    "10": {
      "precision": 0.8443396226415094,
      "recall": 0.9701897018970189,
      "f1-score": 0.9029003783102144,
      "support": 369.0
    },
    "11": {
      "precision": 0.7155555555555555,
      "recall": 0.9817073170731707,
      "f1-score": 0.8277634961439588,
      "support": 328.0
    },
    "12": {
      "precision": 0.8690476190476191,
      "recall": 0.9681697612732095,
      "f1-score": 0.9159347553324969,
      "support": 377.0
    },
    "13": {
      "precision": 0.7916666666666666,
      "recall": 0.5887323943661972,
      "f1-score": 0.6752827140549273,
      "support": 355.0
    },
    "accuracy": 0.776,
    "macro avg": {
      "precision": 0.7822242182917993,
      "recall": 0.7759639833552026,
      "f1-score": 0.7562273984701733,
      "support": 5000.0
    },
    "weighted avg": {
      "precision": 0.78717984311087,
      "recall": 0.776,
      "f1-score": 0.7593899932340598,
      "support": 5000.0
    }
  },
  "confusion_matrix": [
    [
      286,
      13,
      6,
      8,
      3,
      21,
      4,
      2,
      1,
      2,
      2,
      28,
      9,
      6
    ],
    [
      1,
      357,
      0,
      1,
      0,
      1,
      0,
      0,
      2,
      0,
      0,
      0,
      0,
      0
    ],
    [
      4,
      10,
      144,
      34,
      8,
      0,
      1,
      1,
      1,
      1,
      0,
      90,
      20,
      49
    ],
    [
      0,
      0,
      0,
      337,
      0,
      0,
      0,
      0,
      0,
      0,
      0,
      0,
      0,
      0
    ],
    [
      2,
      18,
      2,
      12,
      380,
      0,
      1,
      0,
      3,
      1,
      0,
      0,
      1,
      0
    ],
    [
      70,
      25,
      0,
      26,
      0,
      110,
      96,
      2,
      0,
      13,
      2,
      0,
      6,
      0
    ],
    [
      29,
      29,
      4,
      1,
      3,
      4,
      164,
      8,
      86,
      3,
      1,
      0,
      2,
      0
    ],
    [
      0,
      1,
      1,
      2,
      1,
      2,
      2,
      252,
      87,
      8,
      2,
      0,
      0,
      0
    ],
    [
      0,
      0,
      0,
      0,
      0,
      0,
      0,
      1,
      307,
      0,
      0,
      0,
      1,
      0
    ],
    [
      0,
      0,
      0,
      1,
      0,
      1,
      0,
      1,
      0,
      289,
      55,
      0,
      0,
      0
    ],
    [
      0,
      0,
      0,
      0,
      0,
      0,
      0,
      1,
      0,
      10,
      358,
      0,
      0,
      0
    ],
    [
      0,
      1,
      1,
      0,
      0,
      0,
      0,
      0,
      1,
      1,
      0,
      322,
      2,
      0
    ],
    [
      1,
      1,
      1,
      3,
      0,
      0,
      0,
      0,
      0,
      3,
      1,
      2,
      365,
      0
    ],
    [
      11,
      16,
      10,
      15,
      11,
      5,
      2,
      2,
      19,
      30,
      3,
      8,
      14,
      209
    ]
  ],
  "mean_confidence": 0.4209077925622463,
  "std_confidence": 0.04306220881123027,
  "mean_confidence_correct": 0.42655724219440183,
  "mean_confidence_incorrect": 0.40133648490799323,
  "experiment_name": "dbpedia_14_bge",
  "dataset": "dbpedia_14",
  "label_mode": "description",
  "pipeline_mode": "biencoder",
  "num_samples": 5000,
  "biencoder": "BAAI/bge-m3",
  "top_errors": [
    {
      "text": " The Get Schooled Foundation (also Get Schooled or getschooled.com) is a non-profit organization dedicated to using the power of media technology and popular culture to motivate and inspire young peop",
      "true_label": 0,
      "pred_label": 1,
      "confidence": 0.5637743473052979
    },
    {
      "text": " Creative Vibes is a record label that sources signs and releases local Australian acts.",
      "true_label": 0,
      "pred_label": 11,
      "confidence": 0.5629079937934875
    },
    {
      "text": " Space Coast Area Transit is the municipal bus system serving the Brevard County Florida area.",
      "true_label": 0,
      "pred_label": 5,
      "confidence": 0.5424486994743347
    },
    {
      "text": " The National Association for Special Educational Needs (NASEN) is an education and development charitable organisation based in the United Kingdom which aims to promote the education training advance",
      "true_label": 0,
      "pred_label": 1,
      "confidence": 0.5346224308013916
    },
    {
      "text": " Tim Miner is an American gospel/R&B singer-songwriter and instrumentalist. He has also produced arranged and composed music for many other artists.Miner released three albums on Christian labels in t",
      "true_label": 2,
      "pred_label": 11,
      "confidence": 0.5346075892448425
    },
    {
      "text": " Bird migration is the regular seasonal movement often north and south along a flyway between breeding and wintering grounds undertaken by many species of birds. Migration which carries high costs in ",
      "true_label": 9,
      "pred_label": 5,
      "confidence": 0.5314115285873413
    },
    {
      "text": " Summon (formerly InstantCab) is a mobile application that matches customers needing transportation with a taxi driver or a personal driver who is willing to provide a ride. It is part of a group of T",
      "true_label": 0,
      "pred_label": 5,
      "confidence": 0.5299158692359924
    },
    {
      "text": " Scholastic Corporation is an American book publishing company known for publishing educational materials for schools teachers parents and children and selling and distributing them by mail order via ",
      "true_label": 0,
      "pred_label": 1,
      "confidence": 0.5162607431411743
    },
    {
      "text": " Bonsound is a Montreal-based company that manages books and promotes music. Bonsound also houses three records labels: Bonsound Records Blow The Fuse Records and Proxenett.",
      "true_label": 0,
      "pred_label": 11,
      "confidence": 0.5146897435188293
    },
    {
      "text": " Alloesia is a genus of beetles in the family Cerambycidae containing the following species: Alloesia bicolor Waterhouse 1880 Alloesia bivittata Chevrolat 1862 Alloesia chlorophana Chevrolat 1862 Allo",
      "true_label": 9,
      "pred_label": 10,