{
  "accuracy": 0.145,
  "macro_f1": 0.14762546162639167,
  "weighted_f1": 0.13810105799279265,
  "macro_precision": 0.1635497284110674,
  "macro_recall": 0.23445671118254788,
  "classification_report": {
    "0": {
      "precision": 0.3333333333333333,
      "recall": 0.07777777777777778,
      "f1-score": 0.12612612612612611,
      "support": 90.0
    },
    "1": {
      "precision": 0.265625,
      "recall": 0.3617021276595745,
      "f1-score": 0.3063063063063063,
      "support": 47.0
    },
    "2": {
      "precision": 0.05555555555555555,
      "recall": 0.11538461538461539,
      "f1-score": 0.075,
      "support": 26.0
    },
    "3": {
      "precision": 0.14,
      "recall": 0.15555555555555556,
      "f1-score": 0.14736842105263157,
      "support": 45.0
    },
    "4": {
      "precision": 0.19047619047619047,
      "recall": 0.0625,
      "f1-score": 0.09411764705882353,
      "support": 64.0
    },
    "5": {
      "precision": 0.0,
      "recall": 0.0,
      "f1-score": 0.0,
      "support": 18.0
    },
    "6": {
      "precision": 0.16,
      "recall": 0.34782608695652173,
      "f1-score": 0.2191780821917808,
      "support": 23.0
    },
    "7": {
      "precision": 0.058823529411764705,
      "recall": 0.02127659574468085,
      "f1-score": 0.03125,
      "support": 47.0
    },
    "8": {
      "precision": 0.14285714285714285,
      "recall": 0.07692307692307693,
      "f1-score": 0.1,
      "support": 13.0
    },
    "9": {
      "precision": 0.05172413793103448,
      "recall": 0.10714285714285714,
      "f1-score": 0.06976744186046512,
      "support": 28.0
    },
    "10": {
      "precision": 0.14754098360655737,
      "recall": 0.20930232558139536,
      "f1-score": 0.17307692307692307,
      "support": 43.0
    },
    "11": {
      "precision": 0.10091743119266056,
      "recall": 0.5789473684210527,
      "f1-score": 0.171875,
      "support": 19.0
    },
    "12": {
      "precision": 0.1111111111111111,
      "recall": 0.5,
      "f1-score": 0.18181818181818182,
      "support": 12.0
    },
    "13": {
      "precision": 0.16666666666666666,
      "recall": 0.21428571428571427,
      "f1-score": 0.1875,
      "support": 14.0
    },
    "14": {
      "precision": 0.45454545454545453,
      "recall": 0.2777777777777778,
      "f1-score": 0.3448275862068966,
      "support": 18.0
    },
    "15": {
      "precision": 0.3142857142857143,
      "recall": 0.21153846153846154,
      "f1-score": 0.25287356321839083,
      "support": 52.0
    },
    "16": {
      "precision": 0.1111111111111111,
      "recall": 1.0,
      "f1-score": 0.2,
      "support": 1.0
    },
    "17": {
      "precision": 0.3333333333333333,
      "recall": 0.14285714285714285,
      "f1-score": 0.2,
      "support": 28.0
    },
    "18": {
      "precision": 0.30303030303030304,
      "recall": 0.2857142857142857,
      "f1-score": 0.29411764705882354,
      "support": 35.0
    },
    "19": {
      "precision": 0.08333333333333333,
      "recall": 0.6666666666666666,
      "f1-score": 0.14814814814814814,
      "support": 3.0
    },
    "20": {
      "precision": 0.11475409836065574,
      "recall": 0.28,
      "f1-score": 0.16279069767441862,
      "support": 25.0
    },
    "21": {
      "precision": 0.0,
      "recall": 0.0,
      "f1-score": 0.0,
      "support": 0.0
    },
    "22": {
      "precision": 0.075,
      "recall": 0.17647058823529413,
      "f1-score": 0.10526315789473684,
      "support": 17.0
    },
    "23": {
      "precision": 0.0,
      "recall": 0.0,
      "f1-score": 0.0,
      "support": 1.0
    },
    "24": {
      "precision": 0.07142857142857142,
      "recall": 0.25,
      "f1-score": 0.1111111111111111,
      "support": 8.0
    },
    "25": {
      "precision": 0.3333333333333333,
      "recall": 0.2,
      "f1-score": 0.25,
      "support": 20.0
    },
    "26": {
      "precision": 0.06666666666666667,
      "recall": 0.2,
      "f1-score": 0.1,
      "support": 15.0
    },
    "27": {
      "precision": 0.3939393939393939,
      "recall": 0.04513888888888889,
      "f1-score": 0.08099688473520249,
      "support": 288.0
    },
    "accuracy": 0.145,
    "macro avg": {
      "precision": 0.1635497284110674,
      "recall": 0.23445671118254788,
      "f1-score": 0.14762546162639167,
      "support": 1000.0
    },
    "weighted avg": {
      "precision": 0.2547594539177321,
      "recall": 0.145,
      "f1-score": 0.13810105799279265,
      "support": 1000.0
    }
  },