{
  "accuracy": 0.067,
  "macro_f1": 0.045253514687777184,
  "weighted_f1": 0.04408935469488491,
  "macro_precision": 0.06347243853053522,
  "macro_recall": 0.09375231484639858,
  "classification_report": {
    "0": {
      "precision": 0.0,
      "recall": 0.0,
      "f1-score": 0.0,
      "support": 90.0
    },
    "1": {
      "precision": 0.0975609756097561,
      "recall": 0.0851063829787234,
      "f1-score": 0.09090909090909091,
      "support": 47.0
    },
    "2": {
      "precision": 0.09090909090909091,
      "recall": 0.038461538461538464,
      "f1-score": 0.05405405405405406,
      "support": 26.0
    },
    "3": {
      "precision": 0.10975609756097561,
      "recall": 0.2,
      "f1-score": 0.14173228346456693,
      "support": 45.0
    },
    "4": {
      "precision": 0.0,
      "recall": 0.0,
      "f1-score": 0.0,
      "support": 64.0
    },
    "5": {
      "precision": 0.0,
      "recall": 0.0,
      "f1-score": 0.0,
      "support": 18.0
    },
    "6": {
      "precision": 0.09345794392523364,
      "recall": 0.43478260869565216,
      "f1-score": 0.15384615384615385,
      "support": 23.0
    },
    "7": {
      "precision": 0.15384615384615385,
      "recall": 0.0425531914893617,
      "f1-score": 0.06666666666666667,
      "support": 47.0
    },
    "8": {
      "precision": 0.0,
      "recall": 0.0,
      "f1-score": 0.0,
      "support": 13.0
    },
    "9": {
      "precision": 0.019230769230769232,
      "recall": 0.07142857142857142,
      "f1-score": 0.030303030303030304,
      "support": 28.0
    },
    "10": {
      "precision": 0.08602150537634409,
      "recall": 0.37209302325581395,
      "f1-score": 0.13973799126637554,
      "support": 43.0
    },
    "11": {
      "precision": 0.0,
      "recall": 0.0,
      "f1-score": 0.0,
      "support": 19.0
    },
    "12": {
      "precision": 0.03067484662576687,
      "recall": 0.8333333333333334,
      "f1-score": 0.05917159763313609,
      "support": 12.0
    },
    "13": {
      "precision": 0.22727272727272727,
      "recall": 0.35714285714285715,
      "f1-score": 0.2777777777777778,
      "support": 14.0
    },
    "14": {
      "precision": 0.0,
      "recall": 0.0,
      "f1-score": 0.0,
      "support": 18.0
    },
    "15": {
      "precision": 0.2,
      "recall": 0.019230769230769232,
      "f1-score": 0.03508771929824561,
      "support": 52.0
    },
    "16": {
      "precision": 0.0,
      "recall": 0.0,
      "f1-score": 0.0,
      "support": 1.0
    },
    "17": {
      "precision": 0.0,
      "recall": 0.0,
      "f1-score": 0.0,
      "support": 28.0
    },
    "18": {
      "precision": 0.3333333333333333,
      "recall": 0.02857142857142857,
      "f1-score": 0.05263157894736842,
      "support": 35.0
    },
    "19": {
      "precision": 0.0,
      "recall": 0.0,
      "f1-score": 0.0,
      "support": 3.0
    },
    "20": {
      "precision": 0.0,
      "recall": 0.0,
      "f1-score": 0.0,
      "support": 25.0
    },
    "21": {
      "precision": 0.0,
      "recall": 0.0,
      "f1-score": 0.0,
      "support": 0.0
    },
    "22": {
      "precision": 0.0,
      "recall": 0.0,
      "f1-score": 0.0,
      "support": 17.0
    },
    "23": {
      "precision": 0.0,
      "recall": 0.0,
      "f1-score": 0.0,
      "support": 1.0
    },
    "24": {
      "precision": 0.14285714285714285,
      "recall": 0.125,
      "f1-score": 0.13333333333333333,
      "support": 8.0
    },
    "25": {
      "precision": 0.0,
      "recall": 0.0,
      "f1-score": 0.0,
      "support": 20.0
    },
    "26": {
      "precision": 0.0,
      "recall": 0.0,
      "f1-score": 0.0,
      "support": 15.0
    },
    "27": {
      "precision": 0.19230769230769232,
      "recall": 0.017361111111111112,
      "f1-score": 0.03184713375796178,
      "support": 288.0
    },
    "accuracy": 0.067,
    "macro avg": {
      "precision": 0.06347243853053522,
      "recall": 0.09375231484639858,
      "f1-score": 0.045253514687777184,
      "support": 1000.0
    },
    "weighted avg": {
      "precision": 0.10764977035369933,
      "recall": 0.067,
      "f1-score": 0.04408935469488491,
      "support": 1000.0
    }
  },