{
  "accuracy": 0.192,
  "macro_f1": 0.20410344994785096,
  "weighted_f1": 0.18631712938933676,
  "macro_precision": 0.2488603493978178,
  "macro_recall": 0.2935834833201213,
  "classification_report": {
    "0": {
      "precision": 0.4375,
      "recall": 0.07777777777777778,
      "f1-score": 0.1320754716981132,
      "support": 90.0
    },
    "1": {
      "precision": 0.4117647058823529,
      "recall": 0.2978723404255319,
      "f1-score": 0.345679012345679,
      "support": 47.0
    },
    "2": {
      "precision": 0.2,
      "recall": 0.038461538461538464,
      "f1-score": 0.06451612903225806,
      "support": 26.0
    },
    "3": {
      "precision": 0.36,
      "recall": 0.2,
      "f1-score": 0.2571428571428571,
      "support": 45.0
    },
    "4": {
      "precision": 0.24719101123595505,
      "recall": 0.34375,
      "f1-score": 0.2875816993464052,
      "support": 64.0
    },
    "5": {
      "precision": 0.0,
      "recall": 0.0,
      "f1-score": 0.0,
      "support": 18.0
    },
    "6": {
      "precision": 0.06691449814126393,
      "recall": 0.782608695652174,
      "f1-score": 0.1232876712328767,
      "support": 23.0
    },
    "7": {
      "precision": 0.16666666666666666,
      "recall": 0.02127659574468085,
      "f1-score": 0.03773584905660377,
      "support": 47.0
    },
    "8": {
      "precision": 0.11764705882352941,
      "recall": 0.15384615384615385,
      "f1-score": 0.13333333333333333,
      "support": 13.0
    },
    "9": {
      "precision": 0.1267605633802817,
      "recall": 0.32142857142857145,
      "f1-score": 0.18181818181818182,
      "support": 28.0
    },
    "10": {
      "precision": 0.1,
      "recall": 0.23255813953488372,
      "f1-score": 0.13986013986013987,
      "support": 43.0
    },
    "11": {
      "precision": 0.3125,
      "recall": 0.5263157894736842,
      "f1-score": 0.39215686274509803,
      "support": 19.0
    },
    "12": {
      "precision": 0.1724137931034483,
      "recall": 0.4166666666666667,
      "f1-score": 0.24390243902439024,
      "support": 12.0
    },
    "13": {
      "precision": 0.24,
      "recall": 0.42857142857142855,
      "f1-score": 0.3076923076923077,
      "support": 14.0
    },
    "14": {
      "precision": 0.5,
      "recall": 0.4444444444444444,
      "f1-score": 0.47058823529411764,
      "support": 18.0
    },
    "15": {
      "precision": 0.5357142857142857,
      "recall": 0.28846153846153844,
      "f1-score": 0.375,
      "support": 52.0
    },
    "16": {
      "precision": 0.125,
      "recall": 1.0,
      "f1-score": 0.2222222222222222,
      "support": 1.0
    },
    "17": {
      "precision": 0.3076923076923077,
      "recall": 0.42857142857142855,
      "f1-score": 0.3582089552238806,
      "support": 28.0
    },
    "18": {
      "precision": 0.38461538461538464,
      "recall": 0.14285714285714285,
      "f1-score": 0.20833333333333334,
      "support": 35.0
    },
    "19": {
      "precision": 0.13043478260869565,
      "recall": 1.0,
      "f1-score": 0.23076923076923078,
      "support": 3.0
    },
    "20": {
      "precision": 0.16666666666666666,
      "recall": 0.16,
      "f1-score": 0.16326530612244897,
      "support": 25.0
    },
    "21": {
      "precision": 0.0,
      "recall": 0.0,
      "f1-score": 0.0,
      "support": 0.0
    },
    "22": {
      "precision": 0.15384615384615385,
      "recall": 0.11764705882352941,
      "f1-score": 0.13333333333333333,
      "support": 17.0
    },
    "23": {
      "precision": 0.0,
      "recall": 0.0,
      "f1-score": 0.0,
      "support": 1.0
    },
    "24": {
      "precision": 0.5,
      "recall": 0.125,
      "f1-score": 0.2,
      "support": 8.0
    },
    "25": {
      "precision": 0.4666666666666667,
      "recall": 0.35,
      "f1-score": 0.4,
      "support": 20.0
    },
    "26": {
      "precision": 0.16666666666666666,
      "recall": 0.26666666666666666,
      "f1-score": 0.20512820512820512,
      "support": 15.0
    },
    "27": {
      "precision": 0.5714285714285714,
      "recall": 0.05555555555555555,
      "f1-score": 0.10126582278481013,
      "support": 288.0
    },
    "accuracy": 0.192,
    "macro avg": {
      "precision": 0.2488603493978178,
      "recall": 0.2935834833201213,
      "f1-score": 0.20410344994785096,
      "support": 1000.0
    },
    "weighted avg": {
      "precision": 0.3727028892114545,
      "recall": 0.192,
      "f1-score": 0.18631712938933676,
      "support": 1000.0
    }
  },