{
  "accuracy": 0.212,
  "macro_f1": 0.2244141567117999,
  "weighted_f1": 0.19527404872238,
  "macro_precision": 0.2430582824974581,
  "macro_recall": 0.3084349293717167,
  "classification_report": {
    "0": {
      "precision": 0.28,
      "recall": 0.07777777777777778,
      "f1-score": 0.12173913043478261,
      "support": 90.0
    },
    "1": {
      "precision": 0.3333333333333333,
      "recall": 0.5531914893617021,
      "f1-score": 0.416,
      "support": 47.0
    },
    "2": {
      "precision": 0.2,
      "recall": 0.19230769230769232,
      "f1-score": 0.19607843137254902,
      "support": 26.0
    },
    "3": {
      "precision": 0.2608695652173913,
      "recall": 0.13333333333333333,
      "f1-score": 0.17647058823529413,
      "support": 45.0
    },
    "4": {
      "precision": 0.17204301075268819,
      "recall": 0.25,
      "f1-score": 0.20382165605095542,
      "support": 64.0
    },
    "5": {
      "precision": 0.0,
      "recall": 0.0,
      "f1-score": 0.0,
      "support": 18.0
    },
    "6": {
      "precision": 0.25,
      "recall": 0.21739130434782608,
      "f1-score": 0.23255813953488372,
      "support": 23.0
    },
    "7": {
      "precision": 0.18421052631578946,
      "recall": 0.14893617021276595,
      "f1-score": 0.16470588235294117,
      "support": 47.0
    },
    "8": {
      "precision": 0.06666666666666667,
      "recall": 0.3076923076923077,
      "f1-score": 0.1095890410958904,
      "support": 13.0
    },
    "9": {
      "precision": 0.13157894736842105,
      "recall": 0.17857142857142858,
      "f1-score": 0.15151515151515152,
      "support": 28.0
    },
    "10": {
      "precision": 0.13846153846153847,
      "recall": 0.4186046511627907,
      "f1-score": 0.20809248554913296,
      "support": 43.0
    },
    "11": {
      "precision": 0.2903225806451613,
      "recall": 0.47368421052631576,
      "f1-score": 0.36,
      "support": 19.0
    },
    "12": {
      "precision": 0.21739130434782608,
      "recall": 0.4166666666666667,
      "f1-score": 0.2857142857142857,
      "support": 12.0
    },
    "13": {
      "precision": 0.17142857142857143,
      "recall": 0.42857142857142855,
      "f1-score": 0.24489795918367346,
      "support": 14.0
    },
    "14": {
      "precision": 0.47619047619047616,
      "recall": 0.5555555555555556,
      "f1-score": 0.5128205128205128,
      "support": 18.0
    },
    "15": {
      "precision": 0.7727272727272727,
      "recall": 0.6538461538461539,
      "f1-score": 0.7083333333333334,
      "support": 52.0
    },
    "16": {
      "precision": 0.09090909090909091,
      "recall": 1.0,
      "f1-score": 0.16666666666666666,
      "support": 1.0
    },
    "17": {
      "precision": 0.14754098360655737,
      "recall": 0.32142857142857145,
      "f1-score": 0.20224719101123595,
      "support": 28.0
    },
    "18": {
      "precision": 0.5833333333333334,
      "recall": 0.2,
      "f1-score": 0.2978723404255319,
      "support": 35.0
    },
    "19": {
      "precision": 0.2222222222222222,
      "recall": 0.6666666666666666,
      "f1-score": 0.3333333333333333,
      "support": 3.0
    },
    "20": {
      "precision": 0.2777777777777778,
      "recall": 0.4,
      "f1-score": 0.32786885245901637,
      "support": 25.0
    },
    "21": {
      "precision": 0.0,
      "recall": 0.0,
      "f1-score": 0.0,
      "support": 0.0
    },
    "22": {
      "precision": 0.08333333333333333,
      "recall": 0.11764705882352941,
      "f1-score": 0.0975609756097561,
      "support": 17.0
    },
    "23": {
      "precision": 0.0,
      "recall": 0.0,
      "f1-score": 0.0,
      "support": 1.0
    },
    "24": {
      "precision": 0.10256410256410256,
      "recall": 0.5,
      "f1-score": 0.1702127659574468,
      "support": 8.0
    },
    "25": {
      "precision": 0.8,
      "recall": 0.2,
      "f1-score": 0.32,
      "support": 20.0
    },
    "26": {
      "precision": 0.2727272727272727,
      "recall": 0.2,
      "f1-score": 0.23076923076923078,
      "support": 15.0
    },
    "27": {
      "precision": 0.28,
      "recall": 0.024305555555555556,
      "f1-score": 0.04472843450479233,
      "support": 288.0
    },
    "accuracy": 0.212,
    "macro avg": {
      "precision": 0.2430582824974581,
      "recall": 0.3084349293717167,
      "f1-score": 0.2244141567117999,
      "support": 1000.0
    },
    "weighted avg": {
      "precision": 0.28822516229872985,
      "recall": 0.212,
      "f1-score": 0.19527404872238,
      "support": 1000.0
    }
  },