{
  "accuracy": 0.164,
  "macro_f1": 0.17424274886960925,
  "weighted_f1": 0.15265603803897185,
  "macro_precision": 0.2056514330323162,
  "macro_recall": 0.2524248988494201,
  "classification_report": {
    "0": {
      "precision": 0.2631578947368421,
      "recall": 0.05555555555555555,
      "f1-score": 0.09174311926605505,
      "support": 90.0
    },
    "1": {
      "precision": 0.2903225806451613,
      "recall": 0.3829787234042553,
      "f1-score": 0.3302752293577982,
      "support": 47.0
    },
    "2": {
      "precision": 0.1694915254237288,
      "recall": 0.38461538461538464,
      "f1-score": 0.23529411764705882,
      "support": 26.0
    },
    "3": {
      "precision": 0.13861386138613863,
      "recall": 0.3111111111111111,
      "f1-score": 0.1917808219178082,
      "support": 45.0
    },
    "4": {
      "precision": 0.4666666666666667,
      "recall": 0.109375,
      "f1-score": 0.17721518987341772,
      "support": 64.0
    },
    "5": {
      "precision": 0.11764705882352941,
      "recall": 0.1111111111111111,
      "f1-score": 0.11428571428571428,
      "support": 18.0
    },
    "6": {
      "precision": 0.2033898305084746,
      "recall": 0.5217391304347826,
      "f1-score": 0.2926829268292683,
      "support": 23.0
    },
    "7": {
      "precision": 0.056338028169014086,
      "recall": 0.0851063829787234,
      "f1-score": 0.06779661016949153,
      "support": 47.0
    },
    "8": {
      "precision": 0.1111111111111111,
      "recall": 0.07692307692307693,
      "f1-score": 0.09090909090909091,
      "support": 13.0
    },
    "9": {
      "precision": 0.0,
      "recall": 0.0,
      "f1-score": 0.0,
      "support": 28.0
    },
    "10": {
      "precision": 0.12222222222222222,
      "recall": 0.2558139534883721,
      "f1-score": 0.16541353383458646,
      "support": 43.0
    },
    "11": {
      "precision": 0.38461538461538464,
      "recall": 0.2631578947368421,
      "f1-score": 0.3125,
      "support": 19.0
    },
    "12": {
      "precision": 0.047244094488188976,
      "recall": 0.5,
      "f1-score": 0.08633093525179857,
      "support": 12.0
    },
    "13": {
      "precision": 0.2,
      "recall": 0.42857142857142855,
      "f1-score": 0.2727272727272727,
      "support": 14.0
    },
    "14": {
      "precision": 0.6,
      "recall": 0.3333333333333333,
      "f1-score": 0.42857142857142855,
      "support": 18.0
    },
    "15": {
      "precision": 0.4444444444444444,
      "recall": 0.46153846153846156,
      "f1-score": 0.4528301886792453,
      "support": 52.0
    },
    "16": {
      "precision": 0.08333333333333333,
      "recall": 1.0,
      "f1-score": 0.15384615384615385,
      "support": 1.0
    },
    "17": {
      "precision": 0.36363636363636365,
      "recall": 0.14285714285714285,
      "f1-score": 0.20512820512820512,
      "support": 28.0
    },
    "18": {
      "precision": 0.3333333333333333,
      "recall": 0.2,
      "f1-score": 0.25,
      "support": 35.0
    },
    "19": {
      "precision": 0.14285714285714285,
      "recall": 0.6666666666666666,
      "f1-score": 0.23529411764705882,
      "support": 3.0
    },
    "20": {
      "precision": 0.3333333333333333,
      "recall": 0.16,
      "f1-score": 0.21621621621621623,
      "support": 25.0
    },
    "21": {
      "precision": 0.0,
      "recall": 0.0,
      "f1-score": 0.0,
      "support": 0.0
    },
    "22": {
      "precision": 0.04918032786885246,
      "recall": 0.17647058823529413,
      "f1-score": 0.07692307692307693,
      "support": 17.0
    },
    "23": {
      "precision": 0.0,
      "recall": 0.0,
      "f1-score": 0.0,
      "support": 1.0
    },
    "24": {
      "precision": 0.14285714285714285,
      "recall": 0.25,
      "f1-score": 0.18181818181818182,
      "support": 8.0
    },
    "25": {
      "precision": 0.25,
      "recall": 0.1,
      "f1-score": 0.14285714285714285,
      "support": 20.0
    },
    "26": {
      "precision": 0.05555555555555555,
      "recall": 0.06666666666666667,
      "f1-score": 0.06060606060606061,
      "support": 15.0
    },
    "27": {
      "precision": 0.3888888888888889,
      "recall": 0.024305555555555556,
      "f1-score": 0.0457516339869281,
      "support": 288.0
    },
    "accuracy": 0.164,
    "macro avg": {
      "precision": 0.2056514330323162,
      "recall": 0.2524248988494201,
      "f1-score": 0.17424274886960925,
      "support": 1000.0
    },
    "weighted avg": {
      "precision": 0.28907565393750595,
      "recall": 0.164,
      "f1-score": 0.15265603803897185,
      "support": 1000.0
    }
  },