{
  "accuracy": 0.217,
  "macro_f1": 0.20154417634796987,
  "weighted_f1": 0.20578815206209533,
  "macro_precision": 0.21537602106813178,
  "macro_recall": 0.2829381183445167,
  "classification_report": {
    "0": {
      "precision": 0.4318181818181818,
      "recall": 0.2111111111111111,
      "f1-score": 0.2835820895522388,
      "support": 90.0
    },
    "1": {
      "precision": 0.313953488372093,
      "recall": 0.574468085106383,
      "f1-score": 0.40601503759398494,
      "support": 47.0
    },
    "2": {
      "precision": 0.1774193548387097,
      "recall": 0.4230769230769231,
      "f1-score": 0.25,
      "support": 26.0
    },
    "3": {
      "precision": 0.10344827586206896,
      "recall": 0.13333333333333333,
      "f1-score": 0.11650485436893204,
      "support": 45.0
    },
    "4": {
      "precision": 0.24691358024691357,
      "recall": 0.3125,
      "f1-score": 0.27586206896551724,
      "support": 64.0
    },
    "5": {
      "precision": 0.0,
      "recall": 0.0,
      "f1-score": 0.0,
      "support": 18.0
    },
    "6": {
      "precision": 0.275,
      "recall": 0.4782608695652174,
      "f1-score": 0.3492063492063492,
      "support": 23.0
    },
    "7": {
      "precision": 0.3125,
      "recall": 0.10638297872340426,
      "f1-score": 0.15873015873015872,
      "support": 47.0
    },
    "8": {
      "precision": 0.05357142857142857,
      "recall": 0.23076923076923078,
      "f1-score": 0.08695652173913043,
      "support": 13.0
    },
    "9": {
      "precision": 0.02857142857142857,
      "recall": 0.03571428571428571,
      "f1-score": 0.031746031746031744,
      "support": 28.0
    },
    "10": {
      "precision": 0.22033898305084745,
      "recall": 0.3023255813953488,
      "f1-score": 0.2549019607843137,
      "support": 43.0
    },
    "11": {
      "precision": 0.27586206896551724,
      "recall": 0.42105263157894735,
      "f1-score": 0.3333333333333333,
      "support": 19.0
    },
    "12": {
      "precision": 0.08974358974358974,
      "recall": 0.5833333333333334,
      "f1-score": 0.15555555555555556,
      "support": 12.0
    },
    "13": {
      "precision": 0.23076923076923078,
      "recall": 0.42857142857142855,
      "f1-score": 0.3,
      "support": 14.0
    },
    "14": {
      "precision": 0.2037037037037037,
      "recall": 0.6111111111111112,
      "f1-score": 0.3055555555555556,
      "support": 18.0
    },
    "15": {
      "precision": 0.8823529411764706,
      "recall": 0.5769230769230769,
      "f1-score": 0.6976744186046512,
      "support": 52.0
    },
    "16": {
      "precision": 0.14285714285714285,
      "recall": 1.0,
      "f1-score": 0.25,
      "support": 1.0
    },
    "17": {
      "precision": 0.21428571428571427,
      "recall": 0.10714285714285714,
      "f1-score": 0.14285714285714285,
      "support": 28.0
    },
    "18": {
      "precision": 0.35714285714285715,
      "recall": 0.14285714285714285,
      "f1-score": 0.20408163265306123,
      "support": 35.0
    },
    "19": {
      "precision": 0.0,
      "recall": 0.0,
      "f1-score": 0.0,
      "support": 3.0
    },
    "20": {
      "precision": 0.4,
      "recall": 0.16,
      "f1-score": 0.22857142857142856,
      "support": 25.0
    },
    "21": {
      "precision": 0.0,
      "recall": 0.0,
      "f1-score": 0.0,
      "support": 0.0
    },
    "22": {
      "precision": 0.0,
      "recall": 0.0,
      "f1-score": 0.0,
      "support": 17.0
    },
    "23": {
      "precision": 0.0,
      "recall": 0.0,
      "f1-score": 0.0,
      "support": 1.0
    },
    "24": {
      "precision": 0.23076923076923078,
      "recall": 0.375,
      "f1-score": 0.2857142857142857,
      "support": 8.0
    },
    "25": {
      "precision": 0.2857142857142857,
      "recall": 0.2,
      "f1-score": 0.23529411764705882,
      "support": 20.0
    },
    "26": {
      "precision": 0.14,
      "recall": 0.4666666666666667,
      "f1-score": 0.2153846153846154,
      "support": 15.0
    },
    "27": {
      "precision": 0.41379310344827586,
      "recall": 0.041666666666666664,
      "f1-score": 0.07570977917981073,
      "support": 288.0
    },
    "accuracy": 0.217,
    "macro avg": {
      "precision": 0.21537602106813178,
      "recall": 0.2829381183445167,
      "f1-score": 0.20154417634796987,
      "support": 1000.0
    },
    "weighted avg": {
      "precision": 0.3272473016574222,
      "recall": 0.217,
      "f1-score": 0.20578815206209533,
      "support": 1000.0
    }
  },