{
  "accuracy": 0.176,
  "macro_f1": 0.21020936447460653,
  "weighted_f1": 0.17837627173143625,
  "macro_precision": 0.3135954682587059,
  "macro_recall": 0.2317492479824643,
  "classification_report": {
    "0": {
      "precision": 0.375,
      "recall": 0.03333333333333333,
      "f1-score": 0.061224489795918366,
      "support": 90.0
    },
    "1": {
      "precision": 0.4090909090909091,
      "recall": 0.574468085106383,
      "f1-score": 0.4778761061946903,
      "support": 47.0
    },
    "2": {
      "precision": 0.16666666666666666,
      "recall": 0.07692307692307693,
      "f1-score": 0.10526315789473684,
      "support": 26.0
    },
    "3": {
      "precision": 0.0,
      "recall": 0.0,
      "f1-score": 0.0,
      "support": 45.0
    },
    "4": {
      "precision": 0.203125,
      "recall": 0.203125,
      "f1-score": 0.203125,
      "support": 64.0
    },
    "5": {
      "precision": 0.014492753623188406,
      "recall": 0.05555555555555555,
      "f1-score": 0.022988505747126436,
      "support": 18.0
    },
    "6": {
      "precision": 0.35714285714285715,
      "recall": 0.21739130434782608,
      "f1-score": 0.2702702702702703,
      "support": 23.0
    },
    "7": {
      "precision": 0.36363636363636365,
      "recall": 0.1702127659574468,
      "f1-score": 0.2318840579710145,
      "support": 47.0
    },
    "8": {
      "precision": 0.1,
      "recall": 0.3076923076923077,
      "f1-score": 0.1509433962264151,
      "support": 13.0
    },
    "9": {
      "precision": 0.2857142857142857,
      "recall": 0.07142857142857142,
      "f1-score": 0.11428571428571428,
      "support": 28.0
    },
    "10": {
      "precision": 0.15942028985507245,
      "recall": 0.5116279069767442,
      "f1-score": 0.2430939226519337,
      "support": 43.0
    },
    "11": {
      "precision": 0.17857142857142858,
      "recall": 0.5263157894736842,
      "f1-score": 0.26666666666666666,
      "support": 19.0
    },
    "12": {
      "precision": 0.25,
      "recall": 0.25,
      "f1-score": 0.25,
      "support": 12.0
    },
    "13": {
      "precision": 0.6666666666666666,
      "recall": 0.2857142857142857,
      "f1-score": 0.4,
      "support": 14.0
    },
    "14": {
      "precision": 0.6923076923076923,
      "recall": 0.5,
      "f1-score": 0.5806451612903226,
      "support": 18.0
    },
    "15": {
      "precision": 0.8571428571428571,
      "recall": 0.34615384615384615,
      "f1-score": 0.4931506849315068,
      "support": 52.0
    },
    "16": {
      "precision": 1.0,
      "recall": 1.0,
      "f1-score": 1.0,
      "support": 1.0
    },
    "17": {
      "precision": 0.0,
      "recall": 0.0,
      "f1-score": 0.0,
      "support": 28.0
    },
    "18": {
      "precision": 1.0,
      "recall": 0.02857142857142857,
      "f1-score": 0.05555555555555555,
      "support": 35.0
    },
    "19": {
      "precision": 0.0,
      "recall": 0.0,
      "f1-score": 0.0,
      "support": 3.0
    },
    "20": {
      "precision": 0.4444444444444444,
      "recall": 0.16,
      "f1-score": 0.23529411764705882,
      "support": 25.0
    },
    "21": {
      "precision": 0.0,
      "recall": 0.0,
      "f1-score": 0.0,
      "support": 0.0
    },
    "22": {
      "precision": 0.04013377926421405,
      "recall": 0.7058823529411765,
      "f1-score": 0.0759493670886076,
      "support": 17.0
    },
    "23": {
      "precision": 0.0,
      "recall": 0.0,
      "f1-score": 0.0,
      "support": 1.0
    },
    "24": {
      "precision": 0.2,
      "recall": 0.125,
      "f1-score": 0.15384615384615385,
      "support": 8.0
    },
    "25": {
      "precision": 0.4,
      "recall": 0.2,
      "f1-score": 0.26666666666666666,
      "support": 20.0
    },
    "26": {
      "precision": 0.3333333333333333,
      "recall": 0.06666666666666667,
      "f1-score": 0.1111111111111111,
      "support": 15.0
    },
    "27": {
      "precision": 0.28378378378378377,
      "recall": 0.07291666666666667,
      "f1-score": 0.11602209944751381,
      "support": 288.0
    },
    "accuracy": 0.176,
    "macro avg": {
      "precision": 0.3135954682587059,
      "recall": 0.2317492479824643,
      "f1-score": 0.21020936447460653,
      "support": 1000.0
    },
    "weighted avg": {
      "precision": 0.32891401549227633,
      "recall": 0.176,
      "f1-score": 0.17837627173143625,
      "support": 1000.0
    }
  },