{
  "accuracy": 0.5492,
  "macro_f1": 0.5365200850762777,
  "weighted_f1": 0.5518947335262427,
  "macro_precision": 0.5839955275674444,
  "macro_recall": 0.5329126436518139,
  "classification_report": {
    "0": {
      "precision": 0.425,
      "recall": 0.4166666666666667,
      "f1-score": 0.4207920792079208,
      "support": 204.0
    },
    "1": {
      "precision": 0.6767676767676768,
      "recall": 0.5134099616858238,
      "f1-score": 0.5838779956427015,
      "support": 261.0
    },
    "2": {
      "precision": 0.4639175257731959,
      "recall": 0.4927007299270073,
      "f1-score": 0.4778761061946903,
      "support": 274.0
    },
    "3": {
      "precision": 0.3735408560311284,
      "recall": 0.384,
      "f1-score": 0.378698224852071,
      "support": 250.0
    },
    "4": {
      "precision": 0.618421052631579,
      "recall": 0.5222222222222223,
      "f1-score": 0.5662650602409639,
      "support": 270.0
    },
    "5": {
      "precision": 0.48717948717948717,
      "recall": 0.7977099236641222,
      "f1-score": 0.6049204052098408,
      "support": 262.0
    },
    "6": {
      "precision": 0.16,
      "recall": 0.3516483516483517,
      "f1-score": 0.21993127147766323,
      "support": 273.0
    },
    "7": {
      "precision": 0.7643312101910829,
      "recall": 0.4897959183673469,
      "f1-score": 0.5970149253731343,
      "support": 245.0
    },
    "8": {
      "precision": 0.6038338658146964,
      "recall": 0.7159090909090909,
      "f1-score": 0.6551126516464472,
      "support": 264.0
    },
    "9": {
      "precision": 0.8666666666666667,
      "recall": 0.8246268656716418,
      "f1-score": 0.8451242829827916,
      "support": 268.0
    },
    "10": {
      "precision": 0.8555555555555555,
      "recall": 0.868421052631579,
      "f1-score": 0.8619402985074627,
      "support": 266.0
    },
    "11": {
      "precision": 0.828125,
      "recall": 0.3970037453183521,
      "f1-score": 0.5367088607594936,
      "support": 267.0
    },
    "12": {
      "precision": 0.6883116883116883,
      "recall": 0.40458015267175573,
      "f1-score": 0.5096153846153846,
      "support": 262.0
    },
    "13": {
      "precision": 0.8009708737864077,
      "recall": 0.6297709923664122,
      "f1-score": 0.7051282051282052,
      "support": 262.0
    },
    "14": {
      "precision": 0.8585365853658536,
      "recall": 0.6875,
      "f1-score": 0.7635574837310195,
      "support": 256.0
    },
    "15": {
      "precision": 0.5522788203753352,
      "recall": 0.7686567164179104,
      "f1-score": 0.6427457098283932,
      "support": 268.0
    },
    "16": {
      "precision": 0.3524416135881104,
      "recall": 0.6916666666666667,
      "f1-score": 0.4669479606188467,
      "support": 240.0
    },
    "17": {
      "precision": 0.8733333333333333,
      "recall": 0.5346938775510204,
      "f1-score": 0.6632911392405063,
      "support": 245.0
    },
    "18": {
      "precision": 0.31958762886597936,
      "recall": 0.155,
      "f1-score": 0.20875420875420875,
      "support": 200.0
    },
    "19": {
      "precision": 0.1111111111111111,
      "recall": 0.012269938650306749,
      "f1-score": 0.022099447513812154,
      "support": 163.0
    },
    "accuracy": 0.5492,
    "macro avg": {
      "precision": 0.5839955275674444,
      "recall": 0.5329126436518139,
      "f1-score": 0.5365200850762777,
      "support": 5000.0
    },
    "weighted avg": {
      "precision": 0.5976652415739926,
      "recall": 0.5492,
      "f1-score": 0.5518947335262427,
      "support": 5000.0
    }
  },
  "confusion_matrix": [
    [
      85,
      0,
      0,
      0,
      0,
      1,
      28,
      0,
      2,
      2,
      2,
      0,
      0,
      2,
      3,
      46,
      20,
      4,
      6,
      3
    ],
    [
      1,
      134,
      11,
      9,
      2,
      65,
      28,
      0,
      0,
      0,
      2,
      2,
      1,
      1,
      2,
      2,
      0,
      1,
      0,
      0
    ],
    [
      0,
      12,
      135,
      17,
      11,
      68,
      29,
      0,
      0,
      0,
      0,
      0,
      1,
      0,
      0,
      0,
      0,
      0,
      1,
      0
    ],
    [
      0,
      5,
      70,
      96,
      17,
      35,
      14,
      0,
      2,
      0,
      0,
      1,
      8,
      0,
      0,
      0,
      2,
      0,
      0,
      0
    ],
    [
      0,
      9,
      26,
      35,
      141,
      17,
      32,
      1,
      1,
      0,
      0,
      0,
      6,
      0,
      0,
      0,
      2,
      0,
      0,
      0
    ],
    [
      0,
      13,
      9,
      3,
      1,
      209,
      24,
      0,
      1,
      0,
      1,
      0,
      0,
      0,
      0,
      0,
      1,
      0,
      0,
      0
    ],
    [
      0,
      1,
      10,
      60,
      32,
      11,
      96,
      6,
      11,
      8,
      5,
      2,
      12,
      0,
      3,
      3,
      13,
      0,
      0,
      0
    ],
    [
      0,
      0,
      0,
      8,
      0,
      0,
      34,
      120,
      63,
      0,
      1,
      0,
      4,
      0,
      0,
      0,
      13,
      0,
      2,
      0
    ],
    [
      0,
      0,
      1,
      0,
      0,
      0,
      47,
      7,
      189,
      0,
      2,
      1,
      1,
      1,
      1,
      1,
      12,
      0,
      1,
      0
    ],
    [
      0,
      0,
      0,
      0,
      0,
      0,
      20,
      0,
      2,
      221,
      14,
      0,
      0,
      1,
      0,
      1,
      6,
      0,
      2,
      1
    ],
    [
      0,
      0,
      2,
      0,
      0,
      0,
      17,
      0,
      1,
      13,
      231,
      0,
      0,
      0,
      0,
      0,
      2,
      0,
      0,
      0
    ],
    [
      0,
      2,
      9,
      8,
      7,
      2,
      41,
      4,
      0,
      0,
      2,
      106,
      6,
      3,
      1,
      0,
      56,
      1,
      18,
      1
    ],
    [
      1,
      10,
      8,
      20,
      11,
      13,
      32,
      13,
      20,
      2,
      0,
      12,
      106,
      2,
      3,
      2,
      7,
      0,
      0,
      0
    ],
    [
      16,
      8,
      5,
      1,
      0,
      2,
      20,
      1,
      8,
      0,
      3,
      4,
      2,
      165,
      5,
      5,
      13,
      1,
      3,
      0
    ],
    [
      5,
      2,
      0,
      0,
      6,
      3,
      30,
      2,
      5,
      0,
      2,
      0,
      6,
      2,
      176,
      2,
      11,
      0,
      4,
      0
    ],
    [
      36,
      0,
      1,
      0,
      0,
      1,
      13,
      0,
      1,
      0,
      0,
      0,
      0,
      1,
      0,
      206,
      5,
      0,
      1,
      3
    ],
    [
      3,
      0,
      1,
      0,
      0,
      1,
      36,
      1,
      4,
      0,
      1,
      0,
      0,
      2,
      1,
      11,
      166,
      4,
      9,
      0
    ],
    [
      12,
      0,
      1,
      0,
      0,
      1,
      23,
      0,
      1,
      2,
      3,
      0,
      0,
      2,
      0,
      14,
      32,
      131,
      15,
      8
    ],
    [
      9,
      2,
      0,
      0,
      0,
      0,
      21,
      1,
      1,
      6,
      0,
      0,
      0,
      20,
      6,
      8,
      88,
      7,
      31,
      0
    ],
    [
      32,
      0,
      2,
      0,
      0,
      0,
      15,
      1,
      1,
      1,
      1,
      0,
      1,
      4,
      4,
      72,
      22,
      1,
      4,
      2
    ]
  ],
  "mean_confidence": 0.6110620351284742,
  "std_confidence": 0.11881616762200715,
  "mean_confidence_correct": 0.590536100373421,
  "mean_confidence_incorrect": 0.6360683425097414,
  "experiment_name": "SetFit_20_newsgroups_snowflake",
  "dataset": "SetFit/20_newsgroups",
  "label_mode": "description",
  "pipeline_mode": "biencoder",
  "num_samples": 5000,
  "biencoder": "Snowflake/snowflake-arctic-embed-m",