{
  "accuracy": 0.5174,
  "macro_f1": 0.5050011584009052,
  "weighted_f1": 0.5196363539942778,
  "macro_precision": 0.6169605274510728,
  "macro_recall": 0.5009525661623202,
  "classification_report": {
    "0": {
      "precision": 0.3677685950413223,
      "recall": 0.4362745098039216,
      "f1-score": 0.3991031390134529,
      "support": 204.0
    },
    "1": {
      "precision": 0.7446808510638298,
      "recall": 0.40229885057471265,
      "f1-score": 0.5223880597014925,
      "support": 261.0
    },
    "2": {
      "precision": 0.4702702702702703,
      "recall": 0.3175182481751825,
      "f1-score": 0.3790849673202614,
      "support": 274.0
    },
    "3": {
      "precision": 0.4942528735632184,
      "recall": 0.172,
      "f1-score": 0.2551928783382789,
      "support": 250.0
    },
    "4": {
      "precision": 0.7623762376237624,
      "recall": 0.2851851851851852,
      "f1-score": 0.41509433962264153,
      "support": 270.0
    },
    "5": {
      "precision": 0.25219298245614036,
      "recall": 0.8778625954198473,
      "f1-score": 0.39182282793867124,
      "support": 262.0
    },
    "6": {
      "precision": 0.2549634273772205,
      "recall": 0.8937728937728938,
      "f1-score": 0.3967479674796748,
      "support": 273.0
    },
    "7": {
      "precision": 0.8128342245989305,
      "recall": 0.6204081632653061,
      "f1-score": 0.7037037037037037,
      "support": 245.0
    },
    "8": {
      "precision": 0.8604651162790697,
      "recall": 0.5606060606060606,
      "f1-score": 0.6788990825688074,
      "support": 264.0
    },
    "9": {
      "precision": 0.832089552238806,
      "recall": 0.832089552238806,
      "f1-score": 0.832089552238806,
      "support": 268.0
    },
    "10": {
      "precision": 0.9813953488372092,
      "recall": 0.793233082706767,
      "f1-score": 0.8773388773388774,
      "support": 266.0
    },
    "11": {
      "precision": 0.8936170212765957,
      "recall": 0.47191011235955055,
      "f1-score": 0.6176470588235294,
      "support": 267.0
    },
    "12": {
      "precision": 0.7107438016528925,
      "recall": 0.3282442748091603,
      "f1-score": 0.4490861618798956,
      "support": 262.0
    },
    "13": {
      "precision": 0.6573426573426573,
      "recall": 0.7175572519083969,
      "f1-score": 0.6861313868613139,
      "support": 262.0
    },
    "14": {
      "precision": 0.5802469135802469,
      "recall": 0.734375,
      "f1-score": 0.6482758620689655,
      "support": 256.0
    },
    "15": {
      "precision": 0.6566523605150214,
      "recall": 0.5708955223880597,
      "f1-score": 0.6107784431137725,
      "support": 268.0
    },
    "16": {
      "precision": 0.5040983606557377,
      "recall": 0.5125,
      "f1-score": 0.5082644628099173,
      "support": 240.0
    },
    "17": {
      "precision": 0.9387755102040817,
      "recall": 0.37551020408163266,
      "f1-score": 0.5364431486880467,
      "support": 245.0
    },
    "18": {
      "precision": 0.4444444444444444,
      "recall": 0.08,
      "f1-score": 0.13559322033898305,
      "support": 200.0
    },
    "19": {
      "precision": 0.12,
      "recall": 0.03680981595092025,
      "f1-score": 0.056338028169014086,
      "support": 163.0
    },
    "accuracy": 0.5174,
    "macro avg": {
      "precision": 0.6169605274510728,
      "recall": 0.5009525661623202,
      "f1-score": 0.5050011584009052,
      "support": 5000.0
    },
    "weighted avg": {
      "precision": 0.6309352405180968,
      "recall": 0.5174,
      "f1-score": 0.5196363539942778,
      "support": 5000.0
    }
  },
  "confusion_matrix": [
    [
      89,
      1,
      1,
      0,
      0,
      14,
      26,
      0,
      1,
      3,
      0,
      1,
      0,
      3,
      18,
      25,
      10,
      2,
      3,
      7
    ],
    [
      0,
      105,
      6,
      3,
      0,
      111,
      24,
      1,
      0,
      0,
      0,
      2,
      0,
      2,
      7,
      0,
      0,
      0,
      0,
      0
    ],
    [
      1,
      12,
      87,
      7,
      7,
      132,
      24,
      0,
      1,
      0,
      0,
      1,
      0,
      0,
      1,
      0,
      0,
      0,
      1,
      0
    ],
    [
      0,
      4,
      38,
      43,
      3,
      118,
      32,
      0,
      0,
      0,
      0,
      0,
      9,
      1,
      2,
      0,
      0,
      0,
      0,
      0
    ],
    [
      0,
      5,
      18,
      18,
      77,
      79,
      59,
      1,
      0,
      0,
      0,
      0,
      10,
      2,
      1,
      0,
      0,
      0,
      0,
      0
    ],
    [
      0,
      2,
      8,
      0,
      0,
      230,
      22,
      0,
      0,
      0,
      0,
      0,
      0,
      0,
      0,
      0,
      0,
      0,
      0,
      0
    ],
    [
      0,
      1,
      2,
      8,
      6,
      9,
      244,
      1,
      0,
      0,
      0,
      0,
      0,
      1,
      1,
      0,
      0,
      0,
      0,
      0
    ],
    [
      0,
      0,
      1,
      0,
      0,
      4,
      68,
      152,
      11,
      0,
      0,
      0,
      1,
      1,
      3,
      0,
      4,
      0,
      0,
      0
    ],
    [
      1,
      0,
      4,
      0,
      0,
      10,
      55,
      22,
      148,
      0,
      0,
      1,
      2,
      7,
      9,
      1,
      2,
      0,
      2,
      0
    ],
    [
      4,
      0,
      2,
      0,
      0,
      3,
      23,
      0,
      1,
      223,
      3,
      0,
      1,
      3,
      4,
      0,
      1,
      0,
      0,
      0
    ],
    [
      1,
      0,
      2,
      0,
      0,
      7,
      16,
      0,
      1,
      26,
      211,
      0,
      0,
      0,
      1,
      0,
      1,
      0,
      0,
      0
    ],
    [
      3,
      4,
      3,
      0,
      1,
      39,
      44,
      0,
      0,
      0,
      0,
      126,
      8,
      3,
      11,
      0,
      21,
      0,
      4,
      0
    ],
    [
      0,
      3,
      2,
      7,
      6,
      54,
      76,
      8,
      4,
      1,
      0,
      4,
      86,
      2,
      8,
      0,
      1,
      0,
      0,
      0
    ],
    [
      4,
      2,
      2,
      0,
      0,
      12,
      41,
      0,
      4,
      0,
      0,
      0,
      2,
      188,
      7,
      0,
      0,
      0,
      0,
      0
    ],
    [
      3,
      2,
      1,
      1,
      1,
      18,
      31,
      0,
      1,
      0,
      0,
      0,
      2,
      5,
      188,
      0,
      1,
      0,
      2,
      0
    ],
    [
      49,
      0,
      0,
      0,
      0,
      4,
      19,
      0,
      0,
      0,
      0,
      2,
      0,
      7,
      4,
      153,
      1,
      0,
      0,
      29
    ],
    [
      13,
      0,
      5,
      0,
      0,
      21,
      43,
      0,
      0,
      0,
      0,
      2,
      0,
      9,
      15,
      5,
      123,
      1,
      2,
      1
    ],
    [
      30,
      0,
      0,
      0,
      0,
      24,
      41,
      1,
      0,
      2,
      1,
      0,
      0,
      17,
      10,
      6,
      9,
      92,
      5,
      7
    ],
    [
      10,
      0,
      2,
      0,
      0,
      10,
      48,
      0,
      0,
      13,
      0,
      2,
      0,
      28,
      16,
      1,
      52,
      2,
      16,
      0
    ],
    [
      34,
      0,
      1,
      0,
      0,
      13,
      21,
      1,
      0,
      0,
      0,
      0,
      0,
      7,
      18,
      42,
      18,
      1,
      1,
      6
    ]
  ],
  "mean_confidence": 0.7892331664443016,
  "std_confidence": 0.015856407326913152,
  "mean_confidence_correct": 0.7916356887787892,
  "mean_confidence_incorrect": 0.7866573996480648,
  "experiment_name": "SetFit_20_newsgroups_e5",
  "dataset": "SetFit/20_newsgroups",
  "label_mode": "description",
  "pipeline_mode": "biencoder",
  "num_samples": 5000,
  "biencoder": "intfloat/multilingual-e5-large",