{
  "accuracy": 0.5826,
  "macro_f1": 0.572240845973712,
  "weighted_f1": 0.5861471619978094,
  "macro_precision": 0.5948917192043637,
  "macro_recall": 0.5694630784130206,
  "classification_report": {
    "0": {
      "precision": 0.35826771653543305,
      "recall": 0.44607843137254904,
      "f1-score": 0.39737991266375544,
      "support": 204.0
    },
    "1": {
      "precision": 0.6623376623376623,
      "recall": 0.5862068965517241,
      "f1-score": 0.6219512195121951,
      "support": 261.0
    },
    "2": {
      "precision": 0.6390243902439025,
      "recall": 0.4781021897810219,
      "f1-score": 0.5469728601252609,
      "support": 274.0
    },
    "3": {
      "precision": 0.4236842105263158,
      "recall": 0.644,
      "f1-score": 0.5111111111111111,
      "support": 250.0
    },
    "4": {
      "precision": 0.6369047619047619,
      "recall": 0.3962962962962963,
      "f1-score": 0.4885844748858447,
      "support": 270.0
    },
    "5": {
      "precision": 0.6098360655737705,
      "recall": 0.7099236641221374,
      "f1-score": 0.656084656084656,
      "support": 262.0
    },
    "6": {
      "precision": 0.2757201646090535,
      "recall": 0.4908424908424908,
      "f1-score": 0.3530961791831357,
      "support": 273.0
    },
    "7": {
      "precision": 0.6270627062706271,
      "recall": 0.7755102040816326,
      "f1-score": 0.6934306569343066,
      "support": 245.0
    },
    "8": {
      "precision": 0.7976878612716763,
      "recall": 0.5227272727272727,
      "f1-score": 0.631578947368421,
      "support": 264.0
    },
    "9": {
      "precision": 0.8043478260869565,
      "recall": 0.8283582089552238,
      "f1-score": 0.8161764705882353,
      "support": 268.0
    },
    "10": {
      "precision": 0.902834008097166,
      "recall": 0.8383458646616542,
      "f1-score": 0.8693957115009746,
      "support": 266.0
    },
    "11": {
      "precision": 0.5542168674698795,
      "recall": 0.6891385767790262,
      "f1-score": 0.6143572621035058,
      "support": 267.0
    },
    "12": {
      "precision": 0.6488095238095238,
      "recall": 0.41603053435114506,
      "f1-score": 0.5069767441860465,
      "support": 262.0
    },
    "13": {
      "precision": 0.7665198237885462,
      "recall": 0.6641221374045801,
      "f1-score": 0.7116564417177914,
      "support": 262.0
    },
    "14": {
      "precision": 0.7291666666666666,
      "recall": 0.68359375,
      "f1-score": 0.7056451612903226,
      "support": 256.0
    },
    "15": {
      "precision": 0.6882591093117408,
      "recall": 0.6343283582089553,
      "f1-score": 0.6601941747572816,
      "support": 268.0
    },
    "16": {
      "precision": 0.5111111111111111,
      "recall": 0.575,
      "f1-score": 0.5411764705882353,
      "support": 240.0
    },
    "17": {
      "precision": 0.8673469387755102,
      "recall": 0.6938775510204082,
      "f1-score": 0.7709750566893424,
      "support": 245.0
    },
    "18": {
      "precision": 0.2196969696969697,
      "recall": 0.145,
      "f1-score": 0.1746987951807229,
      "support": 200.0
    },
    "19": {
      "precision": 0.175,
      "recall": 0.17177914110429449,
      "f1-score": 0.17337461300309598,
      "support": 163.0
    },
    "accuracy": 0.5826,
    "macro avg": {
      "precision": 0.5948917192043637,
      "recall": 0.5694630784130206,
      "f1-score": 0.572240845973712,
      "support": 5000.0
    },
    "weighted avg": {
      "precision": 0.6102931605290509,
      "recall": 0.5826,
      "f1-score": 0.5861471619978094,
      "support": 5000.0
    }
  },
  "confusion_matrix": [
    [
      91,
      0,
      0,
      0,
      0,
      1,
      17,
      1,
      1,
      5,
      2,
      3,
      0,
      1,
      11,
      24,
      6,
      6,
      12,
      23
    ],
    [
      1,
      153,
      3,
      14,
      7,
      39,
      13,
      1,
      0,
      2,
      0,
      14,
      0,
      4,
      5,
      0,
      0,
      0,
      4,
      1
    ],
    [
      2,
      17,
      131,
      25,
      10,
      43,
      24,
      3,
      0,
      1,
      0,
      9,
      1,
      2,
      1,
      0,
      1,
      0,
      4,
      0
    ],
    [
      1,
      5,
      23,
      161,
      10,
      10,
      11,
      5,
      0,
      0,
      0,
      8,
      15,
      0,
      1,
      0,
      0,
      0,
      0,
      0
    ],
    [
      0,
      8,
      14,
      76,
      107,
      7,
      28,
      3,
      0,
      1,
      0,
      5,
      16,
      1,
      1,
      0,
      0,
      0,
      2,
      1
    ],
    [
      0,
      19,
      12,
      4,
      3,
      186,
      29,
      1,
      0,
      1,
      0,
      5,
      1,
      0,
      0,
      0,
      0,
      0,
      1,
      0
    ],
    [
      0,
      1,
      4,
      68,
      21,
      5,
      134,
      13,
      8,
      8,
      1,
      1,
      5,
      1,
      0,
      0,
      1,
      0,
      1,
      1
    ],
    [
      0,
      0,
      1,
      2,
      0,
      0,
      27,
      190,
      6,
      1,
      1,
      4,
      2,
      1,
      2,
      0,
      3,
      2,
      1,
      2
    ],
    [
      2,
      0,
      3,
      0,
      1,
      0,
      30,
      45,
      138,
      5,
      4,
      10,
      1,
      1,
      3,
      0,
      12,
      1,
      6,
      2
    ],
    [
      2,
      0,
      2,
      0,
      0,
      0,
      17,
      0,
      0,
      222,
      8,
      1,
      0,
      2,
      1,
      0,
      0,
      1,
      6,
      6
    ],
    [
      1,
      0,
      1,
      0,
      0,
      3,
      10,
      0,
      0,
      22,
      223,
      0,
      0,
      1,
      0,
      0,
      0,
      0,
      3,
      2
    ],
    [
      3,
      1,
      1,
      5,
      0,
      3,
      20,
      4,
      0,
      1,
      1,
      184,
      7,
      1,
      3,
      0,
      18,
      1,
      14,
      0
    ],
    [
      0,
      6,
      3,
      24,
      7,
      6,
      30,
      20,
      6,
      2,
      1,
      37,
      109,
      2,
      6,
      0,
      2,
      1,
      0,
      0
    ],
    [
      12,
      11,
      2,
      0,
      0,
      0,
      16,
      3,
      10,
      0,
      1,
      8,
      5,
      174,
      9,
      0,
      3,
      1,
      3,
      4
    ],
    [
      6,
      9,
      1,
      1,
      2,
      1,
      18,
      6,
      3,
      1,
      0,
      8,
      4,
      6,
      175,
      0,
      2,
      2,
      8,
      3
    ],
    [
      29,
      0,
      1,
      0,
      0,
      0,
      10,
      0,
      0,
      0,
      0,
      4,
      0,
      0,
      2,
      170,
      2,
      0,
      4,
      46
    ],
    [
      10,
      0,
      1,
      0,
      0,
      1,
      17,
      3,
      1,
      0,
      2,
      18,
      0,
      5,
      3,
      2,
      138,
      3,
      22,
      14
    ],
    [
      21,
      0,
      2,
      0,
      0,
      0,
      13,
      0,
      0,
      1,
      0,
      2,
      0,
      1,
      1,
      1,
      4,
      170,
      9,
      20
    ],
    [
      41,
      1,
      0,
      0,
      0,
      0,
      15,
      2,
      0,
      2,
      2,
      8,
      0,
      21,
      9,
      0,
      57,
      6,
      29,
      7
    ],
    [
      32,
      0,
      0,
      0,
      0,
      0,
      7,
      3,
      0,
      1,
      1,
      3,
      2,
      3,
      7,
      50,
      21,
      2,
      3,
      28
    ]
  ],
  "mean_confidence": 0.6653456548929214,
  "std_confidence": 0.06445126022129033,
  "mean_confidence_correct": 0.6797431885193518,
  "mean_confidence_incorrect": 0.6452498161512867,
  "experiment_name": "SetFit_20_newsgroups_jina_v5",
  "dataset": "SetFit/20_newsgroups",
  "label_mode": "description",
  "pipeline_mode": "biencoder",
  "num_samples": 5000,
  "biencoder": "jinaai/jina-embeddings-v5-text-nano",