{
  "accuracy": 0.6238,
  "macro_f1": 0.6040965422182832,
  "weighted_f1": 0.6203205941414944,
  "macro_precision": 0.6376757442493168,
  "macro_recall": 0.6053848251230722,
  "classification_report": {
    "0": {
      "precision": 0.52,
      "recall": 0.2549019607843137,
      "f1-score": 0.34210526315789475,
      "support": 204.0
    },
    "1": {
      "precision": 0.3426443202979516,
      "recall": 0.7049808429118773,
      "f1-score": 0.46115288220551376,
      "support": 261.0
    },
    "2": {
      "precision": 0.5471014492753623,
      "recall": 0.551094890510949,
      "f1-score": 0.5490909090909091,
      "support": 274.0
    },
    "3": {
      "precision": 0.3988439306358382,
      "recall": 0.552,
      "f1-score": 0.46308724832214765,
      "support": 250.0
    },
    "4": {
      "precision": 0.7457627118644068,
      "recall": 0.32592592592592595,
      "f1-score": 0.4536082474226804,
      "support": 270.0
    },
    "5": {
      "precision": 0.6556291390728477,
      "recall": 0.7557251908396947,
      "f1-score": 0.7021276595744681,
      "support": 262.0
    },
    "6": {
      "precision": 0.4967948717948718,
      "recall": 0.5677655677655677,
      "f1-score": 0.5299145299145299,
      "support": 273.0
    },
    "7": {
      "precision": 0.8529411764705882,
      "recall": 0.710204081632653,
      "f1-score": 0.7750556792873051,
      "support": 245.0
    },
    "8": {
      "precision": 0.8916256157635468,
      "recall": 0.6856060606060606,
      "f1-score": 0.7751605995717344,
      "support": 264.0
    },
    "9": {
      "precision": 0.9291338582677166,
      "recall": 0.8805970149253731,
      "f1-score": 0.9042145593869731,
      "support": 268.0
    },
    "10": {
      "precision": 0.9672131147540983,
      "recall": 0.8872180451127819,
      "f1-score": 0.9254901960784314,
      "support": 266.0
    },
    "11": {
      "precision": 0.6319444444444444,
      "recall": 0.6816479400749064,
      "f1-score": 0.6558558558558558,
      "support": 267.0
    },
    "12": {
      "precision": 0.6951871657754011,
      "recall": 0.4961832061068702,
      "f1-score": 0.579064587973274,
      "support": 262.0
    },
    "13": {
      "precision": 0.7881040892193308,
      "recall": 0.8091603053435115,
      "f1-score": 0.7984934086629002,
      "support": 262.0
    },
    "14": {
      "precision": 0.8384279475982532,
      "recall": 0.75,
      "f1-score": 0.7917525773195876,
      "support": 256.0
    },
    "15": {
      "precision": 0.5467980295566502,
      "recall": 0.8283582089552238,
      "f1-score": 0.658753709198813,
      "support": 268.0
    },
    "16": {
      "precision": 0.49702380952380953,
      "recall": 0.6958333333333333,
      "f1-score": 0.5798611111111112,
      "support": 240.0
    },
    "17": {
      "precision": 0.8375634517766497,
      "recall": 0.673469387755102,
      "f1-score": 0.746606334841629,
      "support": 245.0
    },
    "18": {
      "precision": 0.40594059405940597,
      "recall": 0.205,
      "f1-score": 0.2724252491694352,
      "support": 200.0
    },
    "19": {
      "precision": 0.16483516483516483,
      "recall": 0.09202453987730061,
      "f1-score": 0.11811023622047244,
      "support": 163.0
    },
    "accuracy": 0.6238,
    "macro avg": {
      "precision": 0.6376757442493168,
      "recall": 0.6053848251230722,
      "f1-score": 0.6040965422182832,
      "support": 5000.0
    },
    "weighted avg": {
      "precision": 0.6511209879936973,
      "recall": 0.6238,
      "f1-score": 0.6203205941414944,
      "support": 5000.0
    }
  },
  "confusion_matrix": [
    [
      52,
      12,
      0,
      0,
      0,
      1,
      5,
      0,
      1,
      1,
      0,
      10,
      0,
      2,
      8,
      63,
      9,
      9,
      5,
      26
    ],
    [
      0,
      184,
      6,
      13,
      3,
      29,
      6,
      0,
      0,
      0,
      0,
      10,
      2,
      0,
      6,
      1,
      0,
      0,
      1,
      0
    ],
    [
      0,
      39,
      151,
      17,
      8,
      45,
      5,
      0,
      0,
      0,
      1,
      3,
      1,
      3,
      0,
      0,
      1,
      0,
      0,
      0
    ],
    [
      0,
      17,
      52,
      138,
      3,
      12,
      6,
      0,
      1,
      0,
      0,
      5,
      16,
      0,
      0,
      0,
      0,
      0,
      0,
      0
    ],
    [
      0,
      25,
      36,
      82,
      88,
      5,
      18,
      0,
      0,
      0,
      0,
      3,
      11,
      1,
      0,
      0,
      1,
      0,
      0,
      0
    ],
    [
      0,
      31,
      12,
      3,
      0,
      198,
      10,
      0,
      0,
      0,
      0,
      7,
      0,
      0,
      0,
      0,
      1,
      0,
      0,
      0
    ],
    [
      0,
      17,
      4,
      68,
      10,
      5,
      155,
      6,
      1,
      0,
      0,
      1,
      5,
      0,
      0,
      0,
      1,
      0,
      0,
      0
    ],
    [
      0,
      20,
      0,
      0,
      0,
      0,
      26,
      174,
      11,
      0,
      0,
      4,
      2,
      2,
      0,
      0,
      4,
      0,
      1,
      1
    ],
    [
      0,
      18,
      2,
      0,
      0,
      0,
      19,
      12,
      181,
      0,
      0,
      7,
      4,
      3,
      2,
      0,
      12,
      0,
      3,
      1
    ],
    [
      0,
      13,
      0,
      0,
      0,
      0,
      1,
      0,
      0,
      236,
      4,
      2,
      1,
      4,
      0,
      0,
      4,
      0,
      1,
      2
    ],
    [
      0,
      10,
      0,
      0,
      0,
      0,
      2,
      0,
      0,
      9,
      236,
      3,
      0,
      1,
      0,
      0,
      3,
      0,
      2,
      0
    ],
    [
      1,
      16,
      0,
      8,
      1,
      1,
      5,
      0,
      0,
      0,
      0,
      182,
      7,
      3,
      2,
      0,
      26,
      1,
      14,
      0
    ],
    [
      0,
      30,
      8,
      16,
      4,
      3,
      31,
      9,
      4,
      1,
      0,
      19,
      130,
      2,
      2,
      0,
      1,
      1,
      0,
      1
    ],
    [
      2,
      26,
      1,
      0,
      0,
      0,
      4,
      0,
      1,
      0,
      1,
      3,
      1,
      212,
      4,
      1,
      3,
      0,
      3,
      0
    ],
    [
      2,
      20,
      1,
      1,
      1,
      2,
      9,
      1,
      1,
      0,
      0,
      5,
      7,
      3,
      192,
      2,
      5,
      0,
      4,
      0
    ],
    [
      10,
      10,
      0,
      0,
      0,
      1,
      1,
      0,
      0,
      0,
      0,
      3,
      0,
      2,
      0,
      222,
      1,
      0,
      3,
      15
    ],
    [
      0,
      19,
      1,
      0,
      0,
      0,
      3,
      0,
      2,
      1,
      0,
      8,
      0,
      3,
      2,
      14,
      167,
      8,
      11,
      1
    ],
    [
      6,
      13,
      1,
      0,
      0,
      0,
      1,
      0,
      0,
      2,
      0,
      3,
      0,
      2,
      1,
      5,
      12,
      165,
      9,
      25
    ],
    [
      10,
      9,
      0,
      0,
      0,
      0,
      4,
      1,
      0,
      4,
      2,
      7,
      0,
      24,
      3,
      14,
      66,
      11,
      41,
      4
    ],
    [
      17,
      8,
      1,
      0,
      0,
      0,
      1,
      1,
      0,
      0,
      0,
      3,
      0,
      2,
      7,
      84,
      19,
      2,
      3,
      15
    ]
  ],
  "mean_confidence": 0.8963562034010887,
  "std_confidence": 0.025740478373964988,
  "mean_confidence_correct": 0.8938018176830056,
  "mean_confidence_incorrect": 0.9005917850356987,
  "experiment_name": "SetFit_20_newsgroups_instructor",
  "dataset": "SetFit/20_newsgroups",
  "label_mode": "description",
  "pipeline_mode": "biencoder",
  "num_samples": 5000,
  "biencoder": "hkunlp/instructor-large",