{
  "accuracy": 0.585,
  "macro_f1": 0.5676762405311613,
  "weighted_f1": 0.5808850218611318,
  "macro_precision": 0.5895821230012034,
  "macro_recall": 0.5728402609580314,
  "classification_report": {
    "0": {
      "precision": 0.3978102189781022,
      "recall": 0.5343137254901961,
      "f1-score": 0.4560669456066946,
      "support": 204.0
    },
    "1": {
      "precision": 0.6374501992031872,
      "recall": 0.6130268199233716,
      "f1-score": 0.625,
      "support": 261.0
    },
    "2": {
      "precision": 0.5725806451612904,
      "recall": 0.5182481751824818,
      "f1-score": 0.5440613026819924,
      "support": 274.0
    },
    "3": {
      "precision": 0.3346303501945525,
      "recall": 0.688,
      "f1-score": 0.450261780104712,
      "support": 250.0
    },
    "4": {
      "precision": 0.5613207547169812,
      "recall": 0.44074074074074077,
      "f1-score": 0.49377593360995853,
      "support": 270.0
    },
    "5": {
      "precision": 0.5993150684931506,
      "recall": 0.6679389312977099,
      "f1-score": 0.631768953068592,
      "support": 262.0
    },
    "6": {
      "precision": 0.3798219584569733,
      "recall": 0.46886446886446886,
      "f1-score": 0.419672131147541,
      "support": 273.0
    },
    "7": {
      "precision": 0.6548042704626335,
      "recall": 0.7510204081632653,
      "f1-score": 0.6996197718631179,
      "support": 245.0
    },
    "8": {
      "precision": 0.7192982456140351,
      "recall": 0.6212121212121212,
      "f1-score": 0.6666666666666666,
      "support": 264.0
    },
    "9": {
      "precision": 0.8793774319066148,
      "recall": 0.8432835820895522,
      "f1-score": 0.8609523809523809,
      "support": 268.0
    },
    "10": {
      "precision": 0.8367346938775511,
      "recall": 0.924812030075188,
      "f1-score": 0.8785714285714286,
      "support": 266.0
    },
    "11": {
      "precision": 0.75,
      "recall": 0.5168539325842697,
      "f1-score": 0.6119733924611973,
      "support": 267.0
    },
    "12": {
      "precision": 0.6081081081081081,
      "recall": 0.1717557251908397,
      "f1-score": 0.26785714285714285,
      "support": 262.0
    },
    "13": {
      "precision": 0.8149779735682819,
      "recall": 0.7061068702290076,
      "f1-score": 0.7566462167689162,
      "support": 262.0
    },
    "14": {
      "precision": 0.8088235294117647,
      "recall": 0.64453125,
      "f1-score": 0.717391304347826,
      "support": 256.0
    },
    "15": {
      "precision": 0.6642857142857143,
      "recall": 0.6940298507462687,
      "f1-score": 0.6788321167883211,
      "support": 268.0
    },
    "16": {
      "precision": 0.44802867383512546,
      "recall": 0.5208333333333334,
      "f1-score": 0.4816955684007707,
      "support": 240.0
    },
    "17": {
      "precision": 0.6203389830508474,
      "recall": 0.746938775510204,
      "f1-score": 0.6777777777777778,
      "support": 245.0
    },
    "18": {
      "precision": 0.34355828220858897,
      "recall": 0.28,
      "f1-score": 0.3085399449035813,
      "support": 200.0
    },
    "19": {
      "precision": 0.16037735849056603,
      "recall": 0.10429447852760736,
      "f1-score": 0.12639405204460966,
      "support": 163.0
    },
    "accuracy": 0.585,
    "macro avg": {
      "precision": 0.5895821230012034,
      "recall": 0.5728402609580314,
      "f1-score": 0.5676762405311613,
      "support": 5000.0
    },
    "weighted avg": {
      "precision": 0.6042912855185114,
      "recall": 0.585,
      "f1-score": 0.5808850218611318,
      "support": 5000.0
    }
  },
  "confusion_matrix": [
    [
      109,
      0,
      0,
      2,
      0,
      0,
      6,
      0,
      2,
      1,
      5,
      1,
      0,
      4,
      6,
      20,
      10,
      15,
      5,
      18
    ],
    [
      2,
      160,
      6,
      29,
      7,
      33,
      5,
      1,
      2,
      1,
      0,
      6,
      0,
      0,
      2,
      1,
      0,
      1,
      3,
      2
    ],
    [
      3,
      18,
      142,
      30,
      9,
      47,
      12,
      0,
      3,
      0,
      1,
      3,
      0,
      1,
      1,
      0,
      1,
      0,
      2,
      1
    ],
    [
      0,
      4,
      33,
      172,
      13,
      10,
      9,
      1,
      1,
      0,
      1,
      1,
      4,
      0,
      0,
      0,
      0,
      0,
      1,
      0
    ],
    [
      0,
      3,
      16,
      87,
      119,
      8,
      17,
      5,
      2,
      1,
      1,
      2,
      5,
      2,
      1,
      0,
      1,
      0,
      0,
      0
    ],
    [
      2,
      23,
      11,
      21,
      6,
      175,
      9,
      1,
      0,
      0,
      4,
      2,
      0,
      0,
      6,
      0,
      0,
      0,
      2,
      0
    ],
    [
      1,
      4,
      6,
      75,
      20,
      1,
      128,
      9,
      6,
      1,
      2,
      2,
      9,
      1,
      1,
      2,
      2,
      1,
      0,
      2
    ],
    [
      2,
      0,
      2,
      5,
      1,
      2,
      18,
      184,
      14,
      0,
      3,
      1,
      1,
      1,
      1,
      0,
      6,
      0,
      4,
      0
    ],
    [
      3,
      1,
      3,
      5,
      2,
      0,
      11,
      34,
      164,
      7,
      3,
      2,
      0,
      3,
      4,
      0,
      11,
      5,
      4,
      2
    ],
    [
      3,
      1,
      0,
      2,
      0,
      1,
      9,
      0,
      1,
      226,
      16,
      0,
      0,
      1,
      1,
      2,
      1,
      0,
      3,
      1
    ],
    [
      2,
      0,
      0,
      1,
      0,
      1,
      6,
      0,
      0,
      4,
      246,
      1,
      0,
      0,
      0,
      0,
      3,
      0,
      1,
      1
    ],
    [
      7,
      1,
      3,
      13,
      14,
      1,
      14,
      2,
      1,
      0,
      0,
      138,
      4,
      2,
      1,
      0,
      31,
      2,
      27,
      6
    ],
    [
      2,
      15,
      13,
      61,
      12,
      4,
      29,
      30,
      16,
      1,
      3,
      16,
      45,
      0,
      4,
      0,
      2,
      3,
      4,
      2
    ],
    [
      8,
      12,
      6,
      1,
      2,
      0,
      12,
      3,
      4,
      2,
      5,
      2,
      1,
      185,
      3,
      0,
      3,
      8,
      5,
      0
    ],
    [
      3,
      6,
      1,
      9,
      5,
      6,
      17,
      6,
      4,
      3,
      1,
      2,
      5,
      5,
      165,
      0,
      3,
      2,
      11,
      2
    ],
    [
      27,
      1,
      1,
      0,
      0,
      0,
      10,
      0,
      1,
      1,
      0,
      0,
      0,
      1,
      0,
      186,
      2,
      2,
      3,
      33
    ],
    [
      19,
      0,
      2,
      1,
      2,
      2,
      9,
      3,
      4,
      1,
      1,
      2,
      0,
      5,
      1,
      11,
      125,
      32,
      16,
      4
    ],
    [
      14,
      0,
      0,
      0,
      0,
      1,
      5,
      0,
      0,
      3,
      1,
      1,
      0,
      1,
      0,
      2,
      10,
      183,
      13,
      11
    ],
    [
      16,
      2,
      0,
      0,
      0,
      0,
      6,
      1,
      2,
      5,
      1,
      1,
      0,
      12,
      3,
      4,
      53,
      34,
      56,
      4
    ],
    [
      51,
      0,
      3,
      0,
      0,
      0,
      5,
      1,
      1,
      0,
      0,
      1,
      0,
      3,
      4,
      52,
      15,
      7,
      3,
      17
    ]
  ],
  "mean_confidence": 0.27753551293713974,
  "std_confidence": 0.10861472188104729,
  "mean_confidence_correct": 0.30620795657619454,
  "mean_confidence_incorrect": 0.2371177309399179,
  "experiment_name": "SetFit_20_newsgroups_mpnet",
  "dataset": "SetFit/20_newsgroups",
  "label_mode": "description",
  "pipeline_mode": "biencoder",
  "num_samples": 5000,
  "biencoder": "sentence-transformers/all-mpnet-base-v2",