{
  "experiment_name": "SetFit_20_newsgroups_qwen3",
  "dataset_name": "SetFit/20_newsgroups",
  "num_samples": 1000,
  "num_classes": 20,
  "accuracy": 0.608,
  "macro_f1": 0.5939448759533791,
  "weighted_f1": 0.6050406123458609,
  "macro_precision": 0.6416635058931793,
  "macro_recall": 0.5984684950494443,
  "mean_confidence": 0.395263671875,
  "classification_report": {
    "0": {
      "precision": 0.5135135135135135,
      "recall": 0.3958333333333333,
      "f1-score": 0.4470588235294118,
      "support": 48.0
    },
    "1": {
      "precision": 0.6666666666666666,
      "recall": 0.6511627906976745,
      "f1-score": 0.6588235294117647,
      "support": 43.0
    },
    "2": {
      "precision": 0.37349397590361444,
      "recall": 0.6078431372549019,
      "f1-score": 0.4626865671641791,
      "support": 51.0
    },
    "3": {
      "precision": 0.4044943820224719,
      "recall": 0.75,
      "f1-score": 0.5255474452554745,
      "support": 48.0
    },
    "4": {
      "precision": 0.625,
      "recall": 0.425531914893617,
      "f1-score": 0.5063291139240507,
      "support": 47.0
    },
    "5": {
      "precision": 0.5945945945945946,
      "recall": 0.9166666666666666,
      "f1-score": 0.7213114754098361,
      "support": 48.0
    },
    "6": {
      "precision": 0.6041666666666666,
      "recall": 0.5471698113207547,
      "f1-score": 0.5742574257425742,
      "support": 53.0
    },
    "7": {
      "precision": 0.8333333333333334,
      "recall": 0.4166666666666667,
      "f1-score": 0.5555555555555556,
      "support": 48.0
    },
    "8": {
      "precision": 0.5217391304347826,
      "recall": 0.7659574468085106,
      "f1-score": 0.6206896551724138,
      "support": 47.0
    },
    "9": {
      "precision": 0.9565217391304348,
      "recall": 0.8979591836734694,
      "f1-score": 0.9263157894736842,
      "support": 49.0
    },
    "10": {
      "precision": 0.9122807017543859,
      "recall": 0.9454545454545454,
      "f1-score": 0.9285714285714286,
      "support": 55.0
    },
    "11": {
      "precision": 0.5333333333333333,
      "recall": 0.7407407407407407,
      "f1-score": 0.6201550387596899,
      "support": 54.0
    },
    "12": {
      "precision": 0.8333333333333334,
      "recall": 0.28846153846153844,
      "f1-score": 0.42857142857142855,
      "support": 52.0
    },
    "13": {
      "precision": 0.8333333333333334,
      "recall": 0.5555555555555556,
      "f1-score": 0.6666666666666666,
      "support": 54.0
    },
    "14": {
      "precision": 0.9318181818181818,
      "recall": 0.6507936507936508,
      "f1-score": 0.7663551401869159,
      "support": 63.0
    },
    "15": {
      "precision": 0.631578947368421,
      "recall": 0.6428571428571429,
      "f1-score": 0.6371681415929203,
      "support": 56.0
    },
    "16": {
      "precision": 0.5588235294117647,
      "recall": 0.7169811320754716,
      "f1-score": 0.628099173553719,
      "support": 53.0
    },
    "17": {
      "precision": 0.8461538461538461,
      "recall": 0.66,
      "f1-score": 0.7415730337078652,
      "support": 50.0
    },
    "18": {
      "precision": 0.5,
      "recall": 0.20454545454545456,
      "f1-score": 0.2903225806451613,
      "support": 44.0
    },
    "19": {
      "precision": 0.1590909090909091,
      "recall": 0.1891891891891892,
      "f1-score": 0.1728395061728395,
      "support": 37.0
    },
    "accuracy": 0.608,
    "macro avg": {
      "precision": 0.6416635058931793,
      "recall": 0.5984684950494443,
      "f1-score": 0.5939448759533791,
      "support": 1000.0
    },
    "weighted avg": {
      "precision": 0.6543003580850593,
      "recall": 0.608,
      "f1-score": 0.6050406123458609,
      "support": 1000.0
    }
  }
}