{
  "accuracy": 0.5238,
  "macro_f1": 0.5147979412018749,
  "weighted_f1": 0.528233134065229,
  "macro_precision": 0.5710369069788962,
  "macro_recall": 0.5091634762648163,
  "classification_report": {
    "0": {
      "precision": 0.2912912912912913,
      "recall": 0.47549019607843135,
      "f1-score": 0.3612662942271881,
      "support": 204.0
    },
    "1": {
      "precision": 0.6422413793103449,
      "recall": 0.5708812260536399,
      "f1-score": 0.6044624746450304,
      "support": 261.0
    },
    "2": {
      "precision": 0.35514018691588783,
      "recall": 0.6934306569343066,
      "f1-score": 0.46971569839307786,
      "support": 274.0
    },
    "3": {
      "precision": 0.3238434163701068,
      "recall": 0.364,
      "f1-score": 0.3427495291902072,
      "support": 250.0
    },
    "4": {
      "precision": 0.5073170731707317,
      "recall": 0.3851851851851852,
      "f1-score": 0.4378947368421053,
      "support": 270.0
    },
    "5": {
      "precision": 0.7248677248677249,
      "recall": 0.5229007633587787,
      "f1-score": 0.6075388026607539,
      "support": 262.0
    },
    "6": {
      "precision": 0.26822558459422285,
      "recall": 0.7142857142857143,
      "f1-score": 0.39,
      "support": 273.0
    },
    "7": {
      "precision": 0.6475409836065574,
      "recall": 0.6448979591836734,
      "f1-score": 0.6462167689161554,
      "support": 245.0
    },
    "8": {
      "precision": 0.6719367588932806,
      "recall": 0.6439393939393939,
      "f1-score": 0.6576402321083172,
      "support": 264.0
    },
    "9": {
      "precision": 0.6235632183908046,
      "recall": 0.8097014925373134,
      "f1-score": 0.7045454545454546,
      "support": 268.0
    },
    "10": {
      "precision": 0.8557213930348259,
      "recall": 0.6466165413533834,
      "f1-score": 0.7366167023554604,
      "support": 266.0
    },
    "11": {
      "precision": 0.7309644670050761,
      "recall": 0.5393258426966292,
      "f1-score": 0.6206896551724138,
      "support": 267.0
    },
    "12": {
      "precision": 0.64,
      "recall": 0.24427480916030533,
      "f1-score": 0.35359116022099446,
      "support": 262.0
    },
    "13": {
      "precision": 0.7248908296943232,
      "recall": 0.6335877862595419,
      "f1-score": 0.6761710794297352,
      "support": 262.0
    },
    "14": {
      "precision": 0.8671875,
      "recall": 0.43359375,
      "f1-score": 0.578125,
      "support": 256.0
    },
    "15": {
      "precision": 0.6609442060085837,
      "recall": 0.5746268656716418,
      "f1-score": 0.6147704590818364,
      "support": 268.0
    },
    "16": {
      "precision": 0.49377593360995853,
      "recall": 0.49583333333333335,
      "f1-score": 0.49480249480249483,
      "support": 240.0
    },
    "17": {
      "precision": 0.9225806451612903,
      "recall": 0.5836734693877551,
      "f1-score": 0.715,
      "support": 245.0
    },
    "18": {
      "precision": 0.3108108108108108,
      "recall": 0.115,
      "f1-score": 0.1678832116788321,
      "support": 200.0
    },
    "19": {
      "precision": 0.15789473684210525,
      "recall": 0.09202453987730061,
      "f1-score": 0.11627906976744186,
      "support": 163.0
    },
    "accuracy": 0.5238,
    "macro avg": {
      "precision": 0.5710369069788962,
      "recall": 0.5091634762648163,
      "f1-score": 0.5147979412018749,
      "support": 5000.0
    },
    "weighted avg": {
      "precision": 0.58410986981658,
      "recall": 0.5238,
      "f1-score": 0.528233134065229,
      "support": 5000.0
    }
  },
  "confusion_matrix": [
    [
      97,
      2,
      2,
      0,
      0,
      2,
      19,
      2,
      1,
      10,
      0,
      2,
      1,
      1,
      6,
      22,
      7,
      5,
      6,
      19
    ],
    [
      1,
      149,
      25,
      12,
      7,
      17,
      28,
      2,
      0,
      0,
      0,
      13,
      4,
      0,
      2,
      1,
      0,
      0,
      0,
      0
    ],
    [
      2,
      16,
      190,
      15,
      10,
      13,
      16,
      1,
      0,
      3,
      0,
      2,
      2,
      2,
      0,
      0,
      0,
      0,
      2,
      0
    ],
    [
      0,
      9,
      94,
      91,
      25,
      9,
      15,
      0,
      0,
      0,
      1,
      1,
      5,
      0,
      0,
      0,
      0,
      0,
      0,
      0
    ],
    [
      0,
      11,
      44,
      56,
      104,
      2,
      38,
      4,
      1,
      0,
      1,
      1,
      5,
      2,
      0,
      0,
      0,
      0,
      1,
      0
    ],
    [
      0,
      20,
      68,
      5,
      5,
      137,
      24,
      0,
      2,
      0,
      0,
      1,
      0,
      0,
      0,
      0,
      0,
      0,
      0,
      0
    ],
    [
      0,
      1,
      8,
      36,
      23,
      3,
      195,
      2,
      1,
      1,
      1,
      0,
      0,
      2,
      0,
      0,
      0,
      0,
      0,
      0
    ],
    [
      0,
      0,
      1,
      6,
      0,
      0,
      42,
      158,
      26,
      0,
      3,
      1,
      3,
      0,
      0,
      0,
      4,
      0,
      1,
      0
    ],
    [
      6,
      0,
      1,
      0,
      2,
      0,
      36,
      23,
      170,
      7,
      1,
      2,
      0,
      4,
      0,
      0,
      8,
      0,
      2,
      2
    ],
    [
      5,
      0,
      2,
      0,
      0,
      0,
      26,
      1,
      2,
      217,
      8,
      0,
      0,
      2,
      0,
      1,
      1,
      0,
      2,
      1
    ],
    [
      2,
      0,
      4,
      0,
      0,
      0,
      13,
      2,
      2,
      71,
      172,
      0,
      0,
      0,
      0,
      0,
      0,
      0,
      0,
      0
    ],
    [
      12,
      3,
      20,
      11,
      5,
      1,
      37,
      3,
      0,
      1,
      1,
      144,
      3,
      1,
      2,
      0,
      14,
      2,
      7,
      0
    ],
    [
      1,
      9,
      24,
      37,
      13,
      3,
      57,
      19,
      14,
      0,
      0,
      15,
      64,
      2,
      2,
      0,
      1,
      0,
      1,
      0
    ],
    [
      15,
      4,
      14,
      2,
      2,
      0,
      33,
      3,
      14,
      2,
      2,
      1,
      1,
      166,
      0,
      0,
      2,
      0,
      0,
      1
    ],
    [
      7,
      6,
      23,
      10,
      9,
      2,
      44,
      8,
      5,
      1,
      0,
      4,
      8,
      8,
      111,
      0,
      7,
      0,
      2,
      1
    ],
    [
      56,
      1,
      1,
      0,
      0,
      0,
      13,
      0,
      3,
      1,
      0,
      1,
      0,
      3,
      0,
      154,
      3,
      0,
      1,
      31
    ],
    [
      24,
      0,
      7,
      0,
      0,
      0,
      26,
      6,
      7,
      8,
      5,
      5,
      0,
      4,
      2,
      3,
      119,
      2,
      14,
      8
    ],
    [
      22,
      0,
      1,
      0,
      0,
      0,
      26,
      1,
      0,
      6,
      4,
      2,
      0,
      3,
      0,
      5,
      9,
      143,
      10,
      13
    ],
    [
      33,
      1,
      3,
      0,
      0,
      0,
      26,
      6,
      4,
      16,
      1,
      1,
      1,
      25,
      1,
      2,
      51,
      2,
      23,
      4
    ],
    [
      50,
      0,
      3,
      0,
      0,
      0,
      13,
      3,
      1,
      4,
      1,
      1,
      3,
      4,
      2,
      45,
      15,
      1,
      2,
      15
    ]
  ],
  "mean_confidence": 0.4872881465137005,
  "std_confidence": 0.05165613634344657,
  "mean_confidence_correct": 0.49656584206861865,
  "mean_confidence_incorrect": 0.4770830710587107,
  "experiment_name": "SetFit_20_newsgroups_bge",
  "dataset": "SetFit/20_newsgroups",
  "label_mode": "description",
  "pipeline_mode": "biencoder",
  "num_samples": 5000,
  "biencoder": "BAAI/bge-m3",