{
  "accuracy": 0.4984,
  "macro_f1": 0.4741342333821527,
  "weighted_f1": 0.47301775881706515,
  "macro_precision": 0.5360274180706791,
  "macro_recall": 0.5000846738642462,
  "classification_report": {
    "0": {
      "precision": 0.32786885245901637,
      "recall": 0.03816793893129771,
      "f1-score": 0.06837606837606838,
      "support": 524.0
    },
    "1": {
      "precision": 0.46805349182763745,
      "recall": 0.6376518218623481,
      "f1-score": 0.5398457583547558,
      "support": 494.0
    },
    "2": {
      "precision": 0.4993288590604027,
      "recall": 0.7351778656126482,
      "f1-score": 0.5947242206235012,
      "support": 506.0
    },
    "3": {
      "precision": 0.47547169811320755,
      "recall": 0.25925925925925924,
      "f1-score": 0.3355525965379494,
      "support": 486.0
    },
    "4": {
      "precision": 0.6334310850439883,
      "recall": 0.8503937007874016,
      "f1-score": 0.7260504201680672,
      "support": 508.0
    },
    "5": {
      "precision": 0.867109634551495,
      "recall": 0.54375,
      "f1-score": 0.6683738796414853,
      "support": 480.0
    },
    "6": {
      "precision": 0.5990338164251208,
      "recall": 0.25101214574898784,
      "f1-score": 0.3537803138373752,
      "support": 494.0
    },
    "7": {
      "precision": 0.46637744034707157,
      "recall": 0.4308617234468938,
      "f1-score": 0.4479166666666667,
      "support": 499.0
    },
    "8": {
      "precision": 0.29976209357652656,
      "recall": 0.7793814432989691,
      "f1-score": 0.4329896907216495,
      "support": 485.0
    },
    "9": {
      "precision": 0.7238372093023255,
      "recall": 0.4751908396946565,
      "f1-score": 0.5737327188940092,
      "support": 524.0
    },
    "accuracy": 0.4984,
    "macro avg": {
      "precision": 0.5360274180706791,
      "recall": 0.5000846738642462,
      "f1-score": 0.4741342333821527,
      "support": 5000.0
    },
    "weighted avg": {
      "precision": 0.5356154657024511,
      "recall": 0.4984,
      "f1-score": 0.47301775881706515,
      "support": 5000.0
    }
  },
  "confusion_matrix": [
    [
      20,
      53,
      47,
      25,
      22,
      0,
      4,
      40,
      287,
      26
    ],
    [
      2,
      315,
      93,
      9,
      21,
      3,
      9,
      13,
      27,
      2
    ],
    [
      4,
      25,
      372,
      9,
      11,
      6,
      1,
      11,
      65,
      2
    ],
    [
      7,
      112,
      54,
      126,
      23,
      5,
      14,
      30,
      91,
      24
    ],
    [
      2,
      18,
      3,
      10,
      432,
      1,
      7,
      15,
      20,
      0
    ],
    [
      4,
      27,
      19,
      8,
      20,
      261,
      14,
      69,
      47,
      11
    ],
    [
      2,
      46,
      67,
      31,
      68,
      3,
      124,
      22,
      115,
      16
    ],
    [
      2,
      41,
      33,
      10,
      47,
      8,
      5,
      215,
      129,
      9
    ],
    [
      4,
      10,
      27,
      10,
      21,
      7,
      1,
      22,
      378,
      5
    ],
    [
      14,
      26,
      30,
      27,
      17,
      7,
      28,
      24,
      102,
      249
    ]
  ],
  "mean_confidence": 0.8033198303103447,
  "std_confidence": 0.01791927879379398,
  "mean_confidence_correct": 0.8048088252305219,
  "mean_confidence_incorrect": 0.8018403345603121,
  "experiment_name": "yahoo_answers_topics_e5",
  "dataset": "yahoo_answers_topics",
  "label_mode": "description",
  "pipeline_mode": "biencoder",
  "num_samples": 5000,
  "biencoder": "intfloat/multilingual-e5-large",
  "top_errors": [
    {
      "text": "Hey, just bringing this old question up for a vote. \\n\\nIf you have not found the answer you are looking for, please, feel free to use one of the following links from my personal collection:\\n\\nhttp:/",
      "true_label": 7,
      "pred_label": 2,
      "confidence": 0.8762522339820862
    },
    {
      "text": "It appears that the question period has expired.  If you have received an answer that meets your needs, please choose a 'best answer.'\\n\\nIf you haven't received a good answer for your question, you m",
      "true_label": 6,
      "pred_label": 1,
      "confidence": 0.8569292426109314
    },
    {
      "text": "holy cow im having de ja vu\\nwhich has nothing to do with your question\\nbut o well",
      "true_label": 7,
      "pred_label": 8,
      "confidence": 0.853779673576355
    },
    {
      "text": "It appears that the question period has expired. If you have received an answer that meets your needs, please choose a 'best answer.'\\nRegards.",
      "true_label": 2,
      "pred_label": 1,
      "confidence": 0.8535523414611816
    },
    {
      "text": "www.naet.com That technique cured my kids' allergies Uses those concepts you inquired about",
      "true_label": 3,
      "pred_label": 1,
      "confidence": 0.8535434007644653
    },
    {
      "text": "dont know but check out sites like google and yahoo. am sure you'll find something useful. by the way, as no one is answerin your question give my answer, the best answer. you too will get your 5 pts ",
      "true_label": 8,
      "pred_label": 1,
      "confidence": 0.8532987833023071
    },
    {
      "text": "better ask bill gates...or follow my motto\\n\"BEG, BORROW, STEAL\"",
      "true_label": 6,
      "pred_label": 4,
      "confidence": 0.8530740141868591
    },
    {
      "text": "I'm sorry, but you'll have to ask your question in English. Yahoo! Answers Community Guidelines state:\\n\\n\"USE ENGLISH ONLY: Please do not use other languages or symbols\"\\n\\nhttp://answers.yahoo.com/i",
      "true_label": 3,
      "pred_label": 1,
      "confidence": 0.8522689342498779
    },
    {
      "text": "referal on what?",
      "true_label": 4,
      "pred_label": 3,
      "confidence": 0.8512466549873352
    },
    {
      "text": "Your answer is found in link below.\\nI recommend closing this \"open\" question.\\nIt probably won't get much attention being this old. \\nPutting this one to vote will let others search it as a closed is",
      "true_label": 0,
      "pred_label": 9,
      "confidence": 0.8501254320144653
    },
    {
      "text": "Your answer is found in link below.\\nI recommend closing this \"open\" question.\\nIt probably won't get much attention being this old. \\nPutting this one to vote will let others search it as a closed is",
      "true_label": 0,
      "pred_label": 9,
      "confidence": 0.8501254320144653
    },
    {
      "text": "What questions are you talking about?",
      "true_label": 8,
      "pred_label": 3,
      "confidence": 0.8501004576683044
    },
    {
      "text": "You could try www.howstuffworks.com",
      "true_label": 6,
      "pred_label": 1,
      "confidence": 0.8494265079498291
    },
    {
      "text": "Contact the PA Department of Education or your local school superintendent's office.  They most certainly can help you.",
      "true_label": 1,
      "pred_label": 3,
      "confidence": 0.8481614589691162
    },
    {
      "text": "Well there are so many of them, one with direct relation to your question, the link is given below, if it is not what you want please refine your query",
      "true_label": 3,
      "pred_label": 8,
      "confidence": 0.847698450088501
    },
    {
      "text": "wow, that's really broad!  i'd like to help, but you don't have ANY more details you could add? :)",
      "true_label": 7,
      "pred_label": 8,
      "confidence": 0.8471512794494629
    },
    {
      "text": "Why are you asking here?  Go to their website and see.",
      "true_label": 2,
      "pred_label": 4,
      "confidence": 0.846453845500946
    },
    {
      "text": "about what?  Thanks for the points",
      "true_label": 8,
      "pred_label": 9,
      "confidence": 0.8464345932006836
    },
    {
      "text": "The American Academy of Pediatrics has a terrific website. Check this out:",
      "true_label": 3,