{
  "accuracy": 0.4484,
  "macro_f1": 0.4402895614620207,
  "weighted_f1": 0.4410903043323543,
  "macro_precision": 0.47277700354929186,
  "macro_recall": 0.4483456849060422,
  "classification_report": {
    "0": {
      "precision": 0.2542372881355932,
      "recall": 0.20038167938931298,
      "f1-score": 0.22411953041622198,
      "support": 524.0
    },
    "1": {
      "precision": 0.47772657450076805,
      "recall": 0.6295546558704453,
      "f1-score": 0.5432314410480349,
      "support": 494.0
    },
    "2": {
      "precision": 0.5830188679245283,
      "recall": 0.6106719367588933,
      "f1-score": 0.5965250965250966,
      "support": 506.0
    },
    "3": {
      "precision": 0.20817120622568094,
      "recall": 0.22016460905349794,
      "f1-score": 0.214,
      "support": 486.0
    },
    "4": {
      "precision": 0.703125,
      "recall": 0.7086614173228346,
      "f1-score": 0.7058823529411765,
      "support": 508.0
    },
    "5": {
      "precision": 0.715,
      "recall": 0.29791666666666666,
      "f1-score": 0.42058823529411765,
      "support": 480.0
    },
    "6": {
      "precision": 0.39730639730639733,
      "recall": 0.2388663967611336,
      "f1-score": 0.29835651074589126,
      "support": 494.0
    },
    "7": {
      "precision": 0.4245939675174014,
      "recall": 0.3667334669338677,
      "f1-score": 0.3935483870967742,
      "support": 499.0
    },
    "8": {
      "precision": 0.33587786259541985,
      "recall": 0.7257731958762886,
      "f1-score": 0.4592302674494455,
      "support": 485.0
    },
    "9": {
      "precision": 0.6287128712871287,
      "recall": 0.4847328244274809,
      "f1-score": 0.5474137931034483,
      "support": 524.0
    },
    "accuracy": 0.4484,
    "macro avg": {
      "precision": 0.47277700354929186,
      "recall": 0.4483456849060422,
      "f1-score": 0.4402895614620207,
      "support": 5000.0
    },
    "weighted avg": {
      "precision": 0.47325431563114007,
      "recall": 0.4484,
      "f1-score": 0.4410903043323543,
      "support": 5000.0
    }
  },
  "confusion_matrix": [
    [
      105,
      61,
      27,
      44,
      12,
      3,
      13,
      31,
      200,
      28
    ],
    [
      16,
      311,
      51,
      39,
      13,
      10,
      20,
      12,
      14,
      8
    ],
    [
      13,
      34,
      309,
      36,
      3,
      11,
      14,
      18,
      65,
      3
    ],
    [
      64,
      112,
      30,
      107,
      19,
      8,
      26,
      27,
      53,
      40
    ],
    [
      2,
      17,
      3,
      56,
      360,
      3,
      35,
      16,
      12,
      4
    ],
    [
      40,
      51,
      23,
      45,
      17,
      143,
      12,
      80,
      58,
      11
    ],
    [
      32,
      18,
      45,
      67,
      57,
      7,
      118,
      29,
      85,
      36
    ],
    [
      48,
      26,
      11,
      41,
      24,
      3,
      18,
      183,
      130,
      15
    ],
    [
      25,
      8,
      12,
      34,
      2,
      4,
      19,
      24,
      352,
      5
    ],
    [
      68,
      13,
      19,
      45,
      5,
      8,
      22,
      11,
      79,
      254
    ]
  ],
  "mean_confidence": 0.6633447093591094,
  "std_confidence": 0.1534166803496788,
  "mean_confidence_correct": 0.6416945052162862,
  "mean_confidence_incorrect": 0.6809443314360526,
  "experiment_name": "yahoo_answers_topics_snowflake",
  "dataset": "yahoo_answers_topics",
  "label_mode": "description",
  "pipeline_mode": "biencoder",
  "num_samples": 5000,
  "biencoder": "Snowflake/snowflake-arctic-embed-m",
  "top_errors": [
    {
      "text": "depends upon career field..............",
      "true_label": 9,
      "pred_label": 3,
      "confidence": 0.9164604544639587
    },
    {
      "text": "soooo....What is the question?????",
      "true_label": 9,
      "pred_label": 3,
      "confidence": 0.9094802141189575
    },
    {
      "text": "i guess you better start studying.",
      "true_label": 2,
      "pred_label": 3,
      "confidence": 0.9069617986679077
    },
    {
      "text": "No, why don't YOU describe them and do your own homework.",
      "true_label": 6,
      "pred_label": 3,
      "confidence": 0.9066303968429565
    },
    {
      "text": "If you want some real answers, try posting in the right place.  This one is for humans.  You want the pets section of Answers.  :)",
      "true_label": 2,
      "pred_label": 3,
      "confidence": 0.9054585099220276
    },
    {
      "text": "if you want any real answers, you actually have to ask a REAL QUESTION.",
      "true_label": 6,
      "pred_label": 3,
      "confidence": 0.9050310850143433
    },
    {
      "text": "This sounds interesting.What is it?",
      "true_label": 6,
      "pred_label": 3,
      "confidence": 0.9050076007843018
    },
    {
      "text": "about what?  Thanks for the points",
      "true_label": 8,
      "pred_label": 3,
      "confidence": 0.904705286026001
    },
    {
      "text": "why?..what do u have in mind?",
      "true_label": 9,
      "pred_label": 3,
      "confidence": 0.9026994705200195
    },
    {
      "text": "I concur with the first two answers.",
      "true_label": 4,
      "pred_label": 3,
      "confidence": 0.9017388820648193
    },
    {
      "text": "Bless your heart, questioner.  I couldn't have asked it better myself.  (And I was thinking of asking...)",
      "true_label": 9,
      "pred_label": 3,
      "confidence": 0.9010370969772339
    },
    {
      "text": "it is something we call programming. to understand beyond that u need to major it in college or something.",
      "true_label": 1,
      "pred_label": 3,
      "confidence": 0.8999759554862976
    },
    {
      "text": "what about it?",
      "true_label": 2,
      "pred_label": 3,
      "confidence": 0.8989150524139404
    },
    {
      "text": "What?",
      "true_label": 8,
      "pred_label": 3,
      "confidence": 0.8976889848709106
    },
    {
      "text": "wow, that's really broad!  i'd like to help, but you don't have ANY more details you could add? :)",
      "true_label": 7,
      "pred_label": 3,
      "confidence": 0.897018551826477
    },
    {
      "text": "dont know but check out sites like google and yahoo. am sure you'll find something useful. by the way, as no one is answerin your question give my answer, the best answer. you too will get your 5 pts ",
      "true_label": 8,
      "pred_label": 3,
      "confidence": 0.8969008326530457
    },
    {
      "text": "I would suggest you go into greater detail regarding this question, because it does not make sense, therefore we cannot help you with a reasonable answer.",
      "true_label": 8,
      "pred_label": 3,
      "confidence": 0.8963900804519653
    },
    {
      "text": "you are illiterate and your question doesn't make sense",
      "true_label": 5,
      "pred_label": 3,
      "confidence": 0.8957663774490356
    },
    {
      "text": "This question must be a joke, right?  I do not know how you'd find this out or why you would want to know.  You can try looking at PubMed for starters.",
      "true_label": 2,
      "pred_label": 3,
      "confidence": 0.8953990936279297
    },
    {
      "text": "well, you have acccess to the internet-- look it up!",
      "true_label": 9,
      "pred_label": 3,
      "confidence": 0.8950119018554688
    }
  ]
}