{
  "accuracy": 0.5322,
  "macro_f1": 0.5439819616995167,
  "weighted_f1": 0.5440288806340081,
  "macro_precision": 0.588554225050318,
  "macro_recall": 0.533596810208351,
  "classification_report": {
    "0": {
      "precision": 0.475,
      "recall": 0.2900763358778626,
      "f1-score": 0.36018957345971564,
      "support": 524.0
    },
    "1": {
      "precision": 0.48125937031484256,
      "recall": 0.6497975708502024,
      "f1-score": 0.5529715762273901,
      "support": 494.0
    },
    "2": {
      "precision": 0.7230392156862745,
      "recall": 0.5830039525691699,
      "f1-score": 0.6455142231947484,
      "support": 506.0
    },
    "3": {
      "precision": 0.22628372497824195,
      "recall": 0.5349794238683128,
      "f1-score": 0.3180428134556575,
      "support": 486.0
    },
    "4": {
      "precision": 0.7344961240310077,
      "recall": 0.7460629921259843,
      "f1-score": 0.740234375,
      "support": 508.0
    },
    "5": {
      "precision": 0.674468085106383,
      "recall": 0.6604166666666667,
      "f1-score": 0.6673684210526316,
      "support": 480.0
    },
    "6": {
      "precision": 0.5306666666666666,
      "recall": 0.402834008097166,
      "f1-score": 0.4579976985040276,
      "support": 494.0
    },
    "7": {
      "precision": 0.6561514195583596,
      "recall": 0.4168336673346693,
      "f1-score": 0.5098039215686274,
      "support": 499.0
    },
    "8": {
      "precision": 0.6041189931350115,
      "recall": 0.5443298969072164,
      "f1-score": 0.5726681127982647,
      "support": 485.0
    },
    "9": {
      "precision": 0.7800586510263929,
      "recall": 0.5076335877862596,
      "f1-score": 0.6150289017341041,
      "support": 524.0
    },
    "accuracy": 0.5322,
    "macro avg": {
      "precision": 0.588554225050318,
      "recall": 0.533596810208351,
      "f1-score": 0.5439819616995167,
      "support": 5000.0
    },
    "weighted avg": {
      "precision": 0.5901319821544586,
      "recall": 0.5322,
      "f1-score": 0.5440288806340081,
      "support": 5000.0
    }
  },
  "confusion_matrix": [
    [
      152,
      60,
      14,
      141,
      14,
      15,
      19,
      29,
      61,
      19
    ],
    [
      6,
      321,
      32,
      85,
      15,
      17,
      12,
      2,
      1,
      3
    ],
    [
      15,
      56,
      295,
      60,
      6,
      39,
      3,
      4,
      24,
      4
    ],
    [
      31,
      78,
      14,
      260,
      19,
      15,
      24,
      16,
      12,
      17
    ],
    [
      1,
      17,
      0,
      71,
      379,
      1,
      26,
      9,
      4,
      0
    ],
    [
      3,
      16,
      2,
      88,
      8,
      317,
      19,
      15,
      8,
      4
    ],
    [
      19,
      44,
      22,
      117,
      39,
      9,
      199,
      8,
      23,
      14
    ],
    [
      10,
      38,
      6,
      142,
      26,
      23,
      12,
      208,
      25,
      9
    ],
    [
      28,
      21,
      14,
      92,
      8,
      23,
      9,
      21,
      264,
      5
    ],
    [
      55,
      16,
      9,
      93,
      2,
      11,
      52,
      5,
      15,
      266
    ]
  ],
  "mean_confidence": 0.8911458988070488,
  "std_confidence": 0.031635654344439997,
  "mean_confidence_correct": 0.8849109363081042,
  "mean_confidence_incorrect": 0.8982392015901576,
  "experiment_name": "yahoo_answers_topics_instructor",
  "dataset": "yahoo_answers_topics",
  "label_mode": "description",
  "pipeline_mode": "biencoder",
  "num_samples": 5000,
  "biencoder": "hkunlp/instructor-large",
  "top_errors": [
    {
      "text": "colleges",
      "true_label": 8,
      "pred_label": 3,
      "confidence": 0.9599967002868652
    },
    {
      "text": "referal on what?",
      "true_label": 4,
      "pred_label": 3,
      "confidence": 0.9587568044662476
    },
    {
      "text": "about what?  Thanks for the points",
      "true_label": 8,
      "pred_label": 3,
      "confidence": 0.9572993516921997
    },
    {
      "text": "what about it?",
      "true_label": 2,
      "pred_label": 3,
      "confidence": 0.9569119215011597
    },
    {
      "text": "http://www.ed.gov/nclb/overview/intro/factsheet.html",
      "true_label": 9,
      "pred_label": 3,
      "confidence": 0.9566428661346436
    },
    {
      "text": "What?",
      "true_label": 8,
      "pred_label": 3,
      "confidence": 0.9560551643371582
    },
    {
      "text": "What questions are you talking about?",
      "true_label": 8,
      "pred_label": 3,
      "confidence": 0.9557140469551086
    },
    {
      "text": "its all a culture thing -",
      "true_label": 8,
      "pred_label": 0,
      "confidence": 0.9544662237167358
    },
    {
      "text": "Not sure what you are asking",
      "true_label": 6,
      "pred_label": 3,
      "confidence": 0.9540067911148071
    },
    {
      "text": "Check the link:",
      "true_label": 1,
      "pred_label": 3,
      "confidence": 0.9539998769760132
    },
    {
      "text": "",
      "true_label": 6,
      "pred_label": 3,
      "confidence": 0.9534679651260376
    },
    {
      "text": "",
      "true_label": 5,
      "pred_label": 3,
      "confidence": 0.9534679651260376
    },
    {
      "text": "",
      "true_label": 2,
      "pred_label": 3,
      "confidence": 0.9534679651260376
    },
    {
      "text": "",
      "true_label": 4,
      "pred_label": 3,
      "confidence": 0.9534679651260376
    },
    {
      "text": "",
      "true_label": 8,
      "pred_label": 3,
      "confidence": 0.9534679651260376
    },
    {
      "text": "",
      "true_label": 8,
      "pred_label": 3,
      "confidence": 0.9534679651260376
    },
    {
      "text": "",
      "true_label": 4,
      "pred_label": 3,
      "confidence": 0.9534679651260376
    },
    {
      "text": "",
      "true_label": 8,
      "pred_label": 3,
      "confidence": 0.9534679651260376
    },
    {
      "text": "",
      "true_label": 0,
      "pred_label": 3,
      "confidence": 0.9534679651260376
    },
    {
      "text": "",
      "true_label": 9,
      "pred_label": 3,
      "confidence": 0.9534679651260376
    }
  ]
}