{
  "accuracy": 0.5022,
  "macro_f1": 0.49271643124601205,
  "weighted_f1": 0.4932036020461235,
  "macro_precision": 0.4968769804002505,
  "macro_recall": 0.5017273633218104,
  "classification_report": {
    "0": {
      "precision": 0.3764367816091954,
      "recall": 0.25,
      "f1-score": 0.30045871559633025,
      "support": 524.0
    },
    "1": {
      "precision": 0.5101522842639594,
      "recall": 0.4068825910931174,
      "f1-score": 0.4527027027027027,
      "support": 494.0
    },
    "2": {
      "precision": 0.5426229508196722,
      "recall": 0.6541501976284585,
      "f1-score": 0.5931899641577061,
      "support": 506.0
    },
    "3": {
      "precision": 0.42355889724310775,
      "recall": 0.3477366255144033,
      "f1-score": 0.38192090395480227,
      "support": 486.0
    },
    "4": {
      "precision": 0.6677631578947368,
      "recall": 0.7992125984251969,
      "f1-score": 0.7275985663082437,
      "support": 508.0
    },
    "5": {
      "precision": 0.5552884615384616,
      "recall": 0.48125,
      "f1-score": 0.515625,
      "support": 480.0
    },
    "6": {
      "precision": 0.4625668449197861,
      "recall": 0.35020242914979755,
      "f1-score": 0.3986175115207373,
      "support": 494.0
    },
    "7": {
      "precision": 0.4072249589490969,
      "recall": 0.4969939879759519,
      "f1-score": 0.44765342960288806,
      "support": 499.0
    },
    "8": {
      "precision": 0.4238975817923186,
      "recall": 0.6144329896907217,
      "f1-score": 0.5016835016835017,
      "support": 485.0
    },
    "9": {
      "precision": 0.5992578849721707,
      "recall": 0.6164122137404581,
      "f1-score": 0.6077140169332079,
      "support": 524.0
    },
    "accuracy": 0.5022,
    "macro avg": {
      "precision": 0.4968769804002505,
      "recall": 0.5017273633218104,
      "f1-score": 0.49271643124601205,
      "support": 5000.0
    },
    "weighted avg": {
      "precision": 0.4973523639428345,
      "recall": 0.5022,
      "f1-score": 0.4932036020461235,
      "support": 5000.0
    }
  },
  "confusion_matrix": [
    [
      131,
      42,
      23,
      40,
      20,
      16,
      10,
      56,
      126,
      60
    ],
    [
      11,
      201,
      83,
      45,
      32,
      43,
      45,
      9,
      10,
      15
    ],
    [
      16,
      11,
      331,
      16,
      6,
      40,
      4,
      26,
      43,
      13
    ],
    [
      53,
      53,
      43,
      169,
      29,
      18,
      35,
      33,
      23,
      30
    ],
    [
      3,
      7,
      4,
      14,
      406,
      7,
      20,
      35,
      8,
      4
    ],
    [
      15,
      33,
      6,
      13,
      16,
      231,
      35,
      84,
      29,
      18
    ],
    [
      27,
      17,
      47,
      35,
      48,
      14,
      173,
      41,
      62,
      30
    ],
    [
      16,
      21,
      25,
      26,
      36,
      21,
      8,
      248,
      68,
      30
    ],
    [
      39,
      4,
      34,
      21,
      10,
      6,
      6,
      51,
      298,
      16
    ],
    [
      37,
      5,
      14,
      20,
      5,
      20,
      38,
      26,
      36,
      323
    ]
  ],
  "mean_confidence": 0.1418443722230615,
  "std_confidence": 0.09352699792896975,
  "mean_confidence_correct": 0.15075228264042012,
  "mean_confidence_incorrect": 0.13285772575540883,
  "experiment_name": "yahoo_answers_topics_mpnet",
  "dataset": "yahoo_answers_topics",
  "label_mode": "description",
  "pipeline_mode": "biencoder",
  "num_samples": 5000,
  "biencoder": "sentence-transformers/all-mpnet-base-v2",
  "top_errors": [
    {
      "text": "Political assination",
      "true_label": 7,
      "pred_label": 9,
      "confidence": 0.5963566899299622
    },
    {
      "text": "- Death penalty\\n- Abortion\\n- Ban on Smoking in restaurants\\n- Immigration\\nAre any of these interessting?",
      "true_label": 3,
      "pred_label": 9,
      "confidence": 0.5022242665290833
    },
    {
      "text": "godlessness\\npolitical bashing\\nguilty before proven innocent\\nunisex bathrooms\\ntattoos\\nillegal immigration\\nfederally mandated standards of education",
      "true_label": 0,
      "pred_label": 9,
      "confidence": 0.4928334951400757
    },
    {
      "text": "Something innovative that disproves existing ideas and theories. Something dramatically different and unique.",
      "true_label": 0,
      "pred_label": 1,
      "confidence": 0.4886862635612488
    },
    {
      "text": "http://www.ed.gov/nclb/overview/intro/factsheet.html",
      "true_label": 9,
      "pred_label": 3,
      "confidence": 0.48096805810928345
    },
    {
      "text": "With my dad it's religion AND politics.  He's pretty rigidly conservative republican and I can't understand it.  I don't want to change his views, but I'd like him to accept that mine are valid.  We h",
      "true_label": 0,
      "pred_label": 8,
      "confidence": 0.45146840810775757
    },
    {
      "text": "it is something we call programming. to understand beyond that u need to major it in college or something.",
      "true_label": 1,
      "pred_label": 4,
      "confidence": 0.4280233085155487
    },
    {
      "text": "greed for high profits!!!!!",
      "true_label": 9,
      "pred_label": 6,
      "confidence": 0.4241759777069092
    },
    {
      "text": "make a POINT\\n\\ngive EVIDENCE for making that point\\n\\nEXPLAIN it",
      "true_label": 3,
      "pred_label": 9,
      "confidence": 0.42102259397506714
    },
    {
      "text": "Science comes in handy say when you need to determine how much sun tan lotion to put on to prevent being UV toasted.\\n\\nHistory comes in handy when you want to remember that you were toasted the last ",
      "true_label": 6,
      "pred_label": 1,
      "confidence": 0.4173930287361145
    },
    {
      "text": "its all a culture thing -",
      "true_label": 8,
      "pred_label": 0,
      "confidence": 0.41613084077835083
    },
    {
      "text": "For me its for yourself, however it requires lots of disipline and hard work.\\n\\nSometimes it would be easier to work for someone and draw some of the perks, health care etc.\\n\\nIts also nice to surro",
      "true_label": 6,
      "pred_label": 7,
      "confidence": 0.4102480709552765
    },
    {
      "text": "Understanding , Compassion, Patience",
      "true_label": 3,
      "pred_label": 8,
      "confidence": 0.41020506620407104
    },
    {
      "text": "hospitals, doctors offices, clinics",
      "true_label": 6,
      "pred_label": 2,
      "confidence": 0.4073134958744049
    },
    {
      "text": "they practice in a heated room",
      "true_label": 2,
      "pred_label": 5,
      "confidence": 0.4071404039859772
    },
    {
      "text": "Some depression are caused by chemical imbalances in the body. Hence, bio.",
      "true_label": 3,
      "pred_label": 2,
      "confidence": 0.4062260389328003
    },
    {
      "text": "You could start here:\\nhttp://www.cs.wustl.edu/~doc/RandD/CORBA/Research/realtime.html",
      "true_label": 1,
      "pred_label": 4,
      "confidence": 0.39512667059898376
    },
    {
      "text": "I will vote for the person who I think will make positive changes that effect me.\\n\\nCoach",
      "true_label": 7,
      "pred_label": 9,
      "confidence": 0.39328810572624207
    },
    {
      "text": "give me liberty or give me death.",
      "true_label": 3,
      "pred_label": 9,
      "confidence": 0.39314818382263184
    },
    {
      "text": "If you have a man who is faithful to his wife or vv, that child will grow up to learn what faithfulness is. If a child sees parents smoke, do drugs, curse, etc..they will do that... Children learn lov",
      "true_label": 3,
      "pred_label": 8,
      "confidence": 0.39049774408340454
    }
  ]
}