{
  "accuracy": 0.5142,
  "macro_f1": 0.49288598171362874,
  "weighted_f1": 0.4925619497600706,
  "macro_precision": 0.5492636079285991,
  "macro_recall": 0.5158765229398232,
  "classification_report": {
    "0": {
      "precision": 0.45698924731182794,
      "recall": 0.16221374045801526,
      "f1-score": 0.23943661971830985,
      "support": 524.0
    },
    "1": {
      "precision": 0.357609710550887,
      "recall": 0.7753036437246964,
      "f1-score": 0.4894568690095847,
      "support": 494.0
    },
    "2": {
      "precision": 0.748898678414097,
      "recall": 0.3359683794466403,
      "f1-score": 0.4638472032742155,
      "support": 506.0
    },
    "3": {
      "precision": 0.5511111111111111,
      "recall": 0.2551440329218107,
      "f1-score": 0.3488045007032349,
      "support": 486.0
    },
    "4": {
      "precision": 0.6253776435045317,
      "recall": 0.8149606299212598,
      "f1-score": 0.7076923076923077,
      "support": 508.0
    },
    "5": {
      "precision": 0.51994301994302,
      "recall": 0.7604166666666666,
      "f1-score": 0.6175972927241963,
      "support": 480.0
    },
    "6": {
      "precision": 0.6150442477876106,
      "recall": 0.2813765182186235,
      "f1-score": 0.3861111111111111,
      "support": 494.0
    },
    "7": {
      "precision": 0.55078125,
      "recall": 0.5651302605210421,
      "f1-score": 0.5578635014836796,
      "support": 499.0
    },
    "8": {
      "precision": 0.4231311706629055,
      "recall": 0.6185567010309279,
      "f1-score": 0.5025125628140703,
      "support": 485.0
    },
    "9": {
      "precision": 0.64375,
      "recall": 0.5896946564885496,
      "f1-score": 0.6155378486055777,
      "support": 524.0
    },
    "accuracy": 0.5142,
    "macro avg": {
      "precision": 0.5492636079285991,
      "recall": 0.5158765229398232,
      "f1-score": 0.49288598171362874,
      "support": 5000.0
    },
    "weighted avg": {
      "precision": 0.5502768212565219,
      "recall": 0.5142,
      "f1-score": 0.4925619497600706,
      "support": 5000.0
    }
  },
  "confusion_matrix": [
    [
      85,
      96,
      2,
      27,
      27,
      43,
      5,
      52,
      150,
      37
    ],
    [
      5,
      383,
      22,
      5,
      27,
      24,
      5,
      6,
      7,
      10
    ],
    [
      6,
      134,
      170,
      9,
      12,
      91,
      2,
      20,
      56,
      6
    ],
    [
      18,
      151,
      9,
      124,
      37,
      37,
      14,
      29,
      29,
      38
    ],
    [
      0,
      47,
      0,
      6,
      414,
      5,
      11,
      14,
      8,
      3
    ],
    [
      0,
      32,
      0,
      5,
      21,
      365,
      9,
      21,
      15,
      12
    ],
    [
      15,
      87,
      12,
      23,
      59,
      33,
      139,
      26,
      56,
      44
    ],
    [
      3,
      59,
      5,
      5,
      37,
      36,
      5,
      282,
      56,
      11
    ],
    [
      17,
      47,
      4,
      7,
      17,
      36,
      2,
      45,
      300,
      10
    ],
    [
      37,
      35,
      3,
      14,
      11,
      32,
      34,
      17,
      32,
      309
    ]
  ],
  "mean_confidence": 0.3963410491794348,
  "std_confidence": 0.08245015163150919,
  "mean_confidence_correct": 0.3910861221362718,
  "mean_confidence_incorrect": 0.40190318068539277,
  "experiment_name": "yahoo_answers_topics_qwen3",
  "dataset": "yahoo_answers_topics",
  "label_mode": "description",
  "pipeline_mode": "biencoder",
  "num_samples": 5000,
  "biencoder": "Qwen/Qwen3-Embedding-8B",
  "top_errors": [
    {
      "text": "its all a culture thing -",
      "true_label": 8,
      "pred_label": 0,
      "confidence": 0.7228291630744934
    },
    {
      "text": "money.",
      "true_label": 4,
      "pred_label": 6,
      "confidence": 0.644561767578125
    },
    {
      "text": "well, you have acccess to the internet-- look it up!",
      "true_label": 9,
      "pred_label": 4,
      "confidence": 0.6356338262557983
    },
    {
      "text": "The .....government office maybE?! lol",
      "true_label": 0,
      "pred_label": 9,
      "confidence": 0.633495032787323
    },
    {
      "text": "colleges",
      "true_label": 8,
      "pred_label": 3,
      "confidence": 0.6281511187553406
    },
    {
      "text": "10",
      "true_label": 1,
      "pred_label": 5,
      "confidence": 0.6240686178207397
    },
    {
      "text": "One what?",
      "true_label": 8,
      "pred_label": 1,
      "confidence": 0.6218538284301758
    },
    {
      "text": "what exactly u want to now?",
      "true_label": 3,
      "pred_label": 4,
      "confidence": 0.6213257312774658
    },
    {
      "text": "What?",
      "true_label": 8,
      "pred_label": 4,
      "confidence": 0.6171579957008362
    },
    {
      "text": "holy cow im having de ja vu\\nwhich has nothing to do with your question\\nbut o well",
      "true_label": 7,
      "pred_label": 1,
      "confidence": 0.616729199886322
    },
    {
      "text": "Not sure what you are asking",
      "true_label": 6,
      "pred_label": 4,
      "confidence": 0.6130397319793701
    },
    {
      "text": "Yep any cd's or songs",
      "true_label": 4,
      "pred_label": 7,
      "confidence": 0.6099656224250793
    },
    {
      "text": "- Death penalty\\n- Abortion\\n- Ban on Smoking in restaurants\\n- Immigration\\nAre any of these interessting?",
      "true_label": 3,
      "pred_label": 9,
      "confidence": 0.6085841655731201
    },
    {
      "text": "what about it?",
      "true_label": 2,
      "pred_label": 4,
      "confidence": 0.6076300740242004
    },
    {
      "text": "What questions are you talking about?",
      "true_label": 8,
      "pred_label": 9,
      "confidence": 0.6066728830337524
    },
    {
      "text": "10?",
      "true_label": 3,
      "pred_label": 1,
      "confidence": 0.606231689453125
    },
    {
      "text": "Ask me the question too",
      "true_label": 6,
      "pred_label": 1,
      "confidence": 0.6023460030555725
    },
    {
      "text": "so?",
      "true_label": 7,
      "pred_label": 4,
      "confidence": 0.601376473903656
    },
    {
      "text": "POLSCI. I hate it hate it hate it.",
      "true_label": 3,
      "pred_label": 9,
      "confidence": 0.5966485738754272
    },
    {
      "text": "specifically what?",
      "true_label": 3,
      "pred_label": 1,
      "confidence": 0.595061719417572
    }
  ]
}