{
  "accuracy": 0.4555,
  "macro_f1": 0.4493586253822337,
  "weighted_f1": 0.4566614208882438,
  "macro_precision": 0.5709805443342235,
  "macro_recall": 0.45102114960875317,
  "classification_report": {
    "0": {
      "precision": 0.3411764705882353,
      "recall": 0.30851063829787234,
      "f1-score": 0.3240223463687151,
      "support": 94.0
    },
    "1": {
      "precision": 0.4819277108433735,
      "recall": 0.38461538461538464,
      "f1-score": 0.42780748663101603,
      "support": 104.0
    },
    "2": {
      "precision": 0.8888888888888888,
      "recall": 0.22857142857142856,
      "f1-score": 0.36363636363636365,
      "support": 105.0
    },
    "3": {
      "precision": 0.2553191489361702,
      "recall": 0.7272727272727273,
      "f1-score": 0.3779527559055118,
      "support": 99.0
    },
    "4": {
      "precision": 0.4939759036144578,
      "recall": 0.40594059405940597,
      "f1-score": 0.44565217391304346,
      "support": 101.0
    },
    "5": {
      "precision": 0.686046511627907,
      "recall": 0.5728155339805825,
      "f1-score": 0.6243386243386243,
      "support": 103.0
    },
    "6": {
      "precision": 0.31521739130434784,
      "recall": 0.25663716814159293,
      "f1-score": 0.28292682926829266,
      "support": 113.0
    },
    "7": {
      "precision": 0.6129032258064516,
      "recall": 0.6129032258064516,
      "f1-score": 0.6129032258064516,
      "support": 93.0
    },
    "8": {
      "precision": 0.7432432432432432,
      "recall": 0.5392156862745098,
      "f1-score": 0.625,
      "support": 102.0
    },
    "9": {
      "precision": 0.9342105263157895,
      "recall": 0.7553191489361702,
      "f1-score": 0.8352941176470589,
      "support": 94.0
    },
    "10": {
      "precision": 0.9423076923076923,
      "recall": 0.875,
      "f1-score": 0.9074074074074074,
      "support": 112.0
    },
    "11": {
      "precision": 0.9090909090909091,
      "recall": 0.10638297872340426,
      "f1-score": 0.19047619047619047,
      "support": 94.0
    },
    "12": {
      "precision": 0.375,
      "recall": 0.027522935779816515,
      "f1-score": 0.05128205128205128,
      "support": 109.0
    },
    "13": {
      "precision": 0.6146788990825688,
      "recall": 0.6146788990825688,
      "f1-score": 0.6146788990825688,
      "support": 109.0
    },
    "14": {
      "precision": 0.2852233676975945,
      "recall": 0.7345132743362832,
      "f1-score": 0.41089108910891087,
      "support": 113.0
    },
    "15": {
      "precision": 0.6210526315789474,
      "recall": 0.5221238938053098,
      "f1-score": 0.5673076923076923,
      "support": 113.0
    },
    "16": {
      "precision": 0.6097560975609756,
      "recall": 0.24752475247524752,
      "f1-score": 0.352112676056338,
      "support": 101.0
    },
    "17": {
      "precision": 0.9534883720930233,
      "recall": 0.43157894736842106,
      "f1-score": 0.5942028985507246,
      "support": 95.0
    },
    "18": {
      "precision": 0.14181818181818182,
      "recall": 0.5492957746478874,
      "f1-score": 0.2254335260115607,
      "support": 71.0
    },
    "19": {
      "precision": 0.21428571428571427,
      "recall": 0.12,
      "f1-score": 0.15384615384615385,
      "support": 75.0
    },
    "accuracy": 0.4555,
    "macro avg": {
      "precision": 0.5709805443342235,
      "recall": 0.45102114960875317,
      "f1-score": 0.4493586253822337,
      "support": 2000.0
    },
    "weighted avg": {
      "precision": 0.5785929986499558,
      "recall": 0.4555,
      "f1-score": 0.4566614208882438,
      "support": 2000.0
    }
  },
  "confusion_matrix": [
    [
      29,
      0,
      0,
      0,
      0,
      0,
      4,
      0,
      2,
      0,
      1,
      0,
      0,
      2,
      19,
      13,
      0,
      1,
      19,
      4
    ],
    [
      0,
      40,
      0,
      22,
      4,
      6,
      1,
      0,
      0,
      0,
      1,
      1,
      0,
      3,
      20,
      0,
      0,
      0,
      6,
      0
    ],
    [
      0,
      15,
      24,
      26,
      4,
      14,
      5,
      1,
      0,
      0,
      2,
      0,
      0,
      0,
      10,
      0,
      0,
      0,
      3,
      1
    ],
    [
      0,
      3,
      1,
      72,
      6,
      5,
      3,
      0,
      0,
      0,
      0,
      0,
      0,
      1,
      5,
      0,
      0,
      0,
      3,
      0
    ],
    [
      0,
      3,
      0,
      38,
      41,
      0,
      2,
      4,
      0,
      0,
      0,
      0,
      1,
      3,
      3,
      0,
      0,
      0,
      5,
      1
    ],
    [
      0,
      11,
      2,
      16,
      1,
      59,
      4,
      0,
      0,
      0,
      1,
      0,
      0,
      1,
      3,
      0,
      0,
      0,
      5,
      0
    ],
    [
      0,
      2,
      0,
      34,
      12,
      1,
      29,
      7,
      2,
      1,
      0,
      0,
      1,
      0,
      17,
      0,
      0,
      0,
      7,
      0
    ],
    [
      0,
      0,
      0,
      2,
      0,
      0,
      3,
      57,
      11,
      0,
      0,
      0,
      0,
      2,
      5,
      0,
      0,
      0,
      13,
      0
    ],
    [
      1,
      0,
      0,
      5,
      0,
      0,
      4,
      9,
      55,
      0,
      0,
      0,
      1,
      3,
      12,
      0,
      1,
      0,
      10,
      1
    ],
    [
      0,
      0,
      0,
      0,
      1,
      0,
      3,
      0,
      0,
      71,
      1,
      0,
      0,
      2,
      5,
      0,
      0,
      0,
      11,
      0
    ],
    [
      2,
      1,
      0,
      1,
      0,
      0,
      0,
      0,
      0,
      3,
      98,
      0,
      0,
      0,
      0,
      0,
      0,
      0,
      7,
      0
    ],
    [
      0,
      1,
      0,
      25,
      4,
      0,
      6,
      2,
      0,
      0,
      0,
      10,
      2,
      2,
      6,
      0,
      7,
      0,
      28,
      1
    ],
    [
      0,
      4,
      0,
      31,
      8,
      1,
      10,
      10,
      3,
      1,
      0,
      0,
      3,
      1,
      28,
      0,
      0,
      0,
      9,
      0
    ],
    [
      2,
      1,
      0,
      2,
      0,
      0,
      2,
      0,
      0,
      0,
      0,
      0,
      0,
      67,
      24,
      1,
      0,
      0,
      10,
      0
    ],
    [
      1,
      1,
      0,
      4,
      1,
      0,
      5,
      1,
      1,
      0,
      0,
      0,
      0,
      1,
      83,
      0,
      0,
      1,
      13,
      1
    ],
    [
      17,
      0,
      0,
      1,
      0,
      0,
      0,
      0,
      0,
      0,
      0,
      0,
      0,
      5,
      7,
      59,
      0,
      0,
      6,
      18
    ],
    [
      9,
      1,
      0,
      3,
      1,
      0,
      2,
      2,
      0,
      0,
      0,
      0,
      0,
      1,
      13,
      0,
      25,
      0,
      41,
      3
    ],
    [
      10,
      0,
      0,
      0,
      0,
      0,
      2,
      0,
      0,
      0,
      0,
      0,
      0,
      1,
      7,
      2,
      0,
      41,
      30,
      2
    ],
    [
      0,
      0,
      0,
      0,
      0,
      0,
      3,
      0,
      0,
      0,
      0,
      0,
      0,
      10,
      8,
      5,
      5,
      0,
      39,
      1
    ],
    [
      14,
      0,
      0,
      0,
      0,
      0,
      4,
      0,
      0,
      0,
      0,
      0,
      0,
      4,
      16,
      15,
      3,
      0,
      10,
      9
    ]
  ],
  "mean_confidence": 0.7862060838937759,
  "std_confidence": 0.017005624317711538,
  "mean_confidence_correct": 0.7898037845818847,
  "mean_confidence_incorrect": 0.783196437128976,
  "experiment_name": "SetFit_20_newsgroups_e5-small-v2_l2",
  "dataset": "SetFit/20_newsgroups",
  "label_mode": "l2",
  "pipeline_mode": "biencoder",
  "num_samples": 2000,
  "random_seed": 42,
  "biencoder": "intfloat/e5-small-v2",