{
  "accuracy": 0.482,
  "macro_f1": 0.4658680439148153,
  "weighted_f1": 0.4743125225292626,
  "macro_precision": 0.487462562381094,
  "macro_recall": 0.47299152507142184,
  "classification_report": {
    "0": {
      "precision": 0.3442622950819672,
      "recall": 0.44680851063829785,
      "f1-score": 0.3888888888888889,
      "support": 94.0
    },
    "1": {
      "precision": 0.3546511627906977,
      "recall": 0.5865384615384616,
      "f1-score": 0.4420289855072464,
      "support": 104.0
    },
    "2": {
      "precision": 0.4418604651162791,
      "recall": 0.18095238095238095,
      "f1-score": 0.25675675675675674,
      "support": 105.0
    },
    "3": {
      "precision": 0.37777777777777777,
      "recall": 0.5151515151515151,
      "f1-score": 0.4358974358974359,
      "support": 99.0
    },
    "4": {
      "precision": 0.5102040816326531,
      "recall": 0.24752475247524752,
      "f1-score": 0.3333333333333333,
      "support": 101.0
    },
    "5": {
      "precision": 0.40336134453781514,
      "recall": 0.46601941747572817,
      "f1-score": 0.43243243243243246,
      "support": 103.0
    },
    "6": {
      "precision": 0.3902439024390244,
      "recall": 0.5663716814159292,
      "f1-score": 0.4620938628158845,
      "support": 113.0
    },
    "7": {
      "precision": 0.41,
      "recall": 0.44086021505376344,
      "f1-score": 0.42487046632124353,
      "support": 93.0
    },
    "8": {
      "precision": 0.518796992481203,
      "recall": 0.6764705882352942,
      "f1-score": 0.5872340425531914,
      "support": 102.0
    },
    "9": {
      "precision": 0.8372093023255814,
      "recall": 0.7659574468085106,
      "f1-score": 0.8,
      "support": 94.0
    },
    "10": {
      "precision": 0.8782608695652174,
      "recall": 0.9017857142857143,
      "f1-score": 0.8898678414096917,
      "support": 112.0
    },
    "11": {
      "precision": 0.4722222222222222,
      "recall": 0.5425531914893617,
      "f1-score": 0.504950495049505,
      "support": 94.0
    },
    "12": {
      "precision": 0.3389830508474576,
      "recall": 0.1834862385321101,
      "f1-score": 0.23809523809523808,
      "support": 109.0
    },
    "13": {
      "precision": 0.7361111111111112,
      "recall": 0.48623853211009177,
      "f1-score": 0.585635359116022,
      "support": 109.0
    },
    "14": {
      "precision": 0.6933333333333334,
      "recall": 0.46017699115044247,
      "f1-score": 0.5531914893617021,
      "support": 113.0
    },
    "15": {
      "precision": 0.484472049689441,
      "recall": 0.6902654867256637,
      "f1-score": 0.5693430656934306,
      "support": 113.0
    },
    "16": {
      "precision": 0.5416666666666666,
      "recall": 0.38613861386138615,
      "f1-score": 0.4508670520231214,
      "support": 101.0
    },
    "17": {
      "precision": 0.5333333333333333,
      "recall": 0.5052631578947369,
      "f1-score": 0.518918918918919,
      "support": 95.0
    },
    "18": {
      "precision": 0.22388059701492538,
      "recall": 0.2112676056338028,
      "f1-score": 0.21739130434782608,
      "support": 71.0
    },
    "19": {
      "precision": 0.25862068965517243,
      "recall": 0.2,
      "f1-score": 0.22556390977443608,
      "support": 75.0
    },
    "accuracy": 0.482,
    "macro avg": {
      "precision": 0.487462562381094,
      "recall": 0.47299152507142184,
      "f1-score": 0.4658680439148153,
      "support": 2000.0
    },
    "weighted avg": {
      "precision": 0.4968287685960926,
      "recall": 0.482,
      "f1-score": 0.4743125225292626,
      "support": 2000.0
    }
  },
  "confusion_matrix": [
    [
      42,
      0,
      0,
      1,
      0,
      0,
      2,
      0,
      2,
      1,
      1,
      3,
      1,
      1,
      6,
      18,
      3,
      3,
      3,
      7
    ],
    [
      2,
      61,
      4,
      7,
      1,
      2,
      1,
      4,
      0,
      0,
      0,
      7,
      4,
      1,
      5,
      0,
      0,
      0,
      4,
      1
    ],
    [
      0,
      19,
      19,
      9,
      2,
      44,
      4,
      3,
      0,
      0,
      1,
      1,
      0,
      2,
      0,
      0,
      0,
      0,
      1,
      0
    ],
    [
      0,
      22,
      2,
      51,
      3,
      6,
      4,
      6,
      0,
      0,
      1,
      2,
      1,
      0,
      0,
      0,
      0,
      1,
      0,
      0
    ],
    [
      0,
      24,
      0,
      21,
      25,
      0,
      9,
      5,
      3,
      2,
      0,
      1,
      9,
      1,
      0,
      0,
      0,
      0,
      1,
      0
    ],
    [
      3,
      26,
      10,
      7,
      0,
      48,
      3,
      1,
      0,
      0,
      0,
      1,
      0,
      1,
      2,
      0,
      0,
      0,
      0,
      1
    ],
    [
      0,
      6,
      0,
      13,
      4,
      3,
      64,
      6,
      8,
      0,
      1,
      1,
      4,
      0,
      0,
      0,
      0,
      1,
      1,
      1
    ],
    [
      0,
      0,
      1,
      2,
      0,
      2,
      10,
      41,
      31,
      0,
      2,
      1,
      0,
      2,
      0,
      0,
      1,
      0,
      0,
      0
    ],
    [
      1,
      0,
      0,
      1,
      1,
      0,
      5,
      7,
      69,
      1,
      1,
      2,
      2,
      1,
      1,
      1,
      5,
      2,
      1,
      1
    ],
    [
      1,
      0,
      0,
      1,
      0,
      0,
      7,
      0,
      1,
      72,
      4,
      1,
      1,
      2,
      0,
      1,
      0,
      0,
      2,
      1
    ],
    [
      1,
      0,
      0,
      0,
      0,
      0,
      3,
      0,
      1,
      3,
      101,
      0,
      0,
      1,
      0,
      0,
      1,
      0,
      1,
      0
    ],
    [
      0,
      1,
      0,
      1,
      1,
      1,
      4,
      5,
      1,
      0,
      0,
      51,
      4,
      0,
      0,
      0,
      6,
      5,
      11,
      3
    ],
    [
      0,
      8,
      2,
      15,
      3,
      7,
      10,
      11,
      7,
      0,
      2,
      11,
      20,
      0,
      4,
      0,
      1,
      4,
      4,
      0
    ],
    [
      7,
      2,
      3,
      0,
      3,
      3,
      11,
      2,
      1,
      3,
      0,
      7,
      0,
      53,
      2,
      2,
      2,
      0,
      4,
      4
    ],
    [
      2,
      2,
      1,
      5,
      3,
      2,
      8,
      5,
      4,
      1,
      0,
      6,
      8,
      1,
      52,
      3,
      4,
      2,
      4,
      0
    ],
    [
      16,
      0,
      0,
      1,
      0,
      0,
      1,
      0,
      0,
      0,
      0,
      0,
      1,
      0,
      0,
      78,
      0,
      2,
      1,
      13
    ],
    [
      9,
      1,
      1,
      0,
      3,
      1,
      8,
      2,
      2,
      1,
      0,
      6,
      2,
      1,
      1,
      3,
      39,
      9,
      9,
      3
    ],
    [
      13,
      0,
      0,
      0,
      0,
      0,
      5,
      0,
      0,
      2,
      0,
      0,
      0,
      0,
      0,
      18,
      1,
      48,
      5,
      3
    ],
    [
      12,
      0,
      0,
      0,
      0,
      0,
      2,
      1,
      2,
      0,
      0,
      5,
      0,
      3,
      1,
      11,
      6,
      8,
      15,
      5
    ],
    [
      13,
      0,
      0,
      0,
      0,
      0,
      3,
      1,
      1,
      0,
      1,
      2,
      2,
      2,
      1,
      26,
      3,
      5,
      0,
      15
    ]
  ],
  "mean_confidence": 0.21145123779587446,
  "std_confidence": 0.09100993867789291,
  "mean_confidence_correct": 0.22980560505901815,
  "mean_confidence_incorrect": 0.19437246362437785,
  "experiment_name": "SetFit_20_newsgroups_all-mpnet-base-v2_l1",
  "dataset": "SetFit/20_newsgroups",
  "label_mode": "name_only",
  "pipeline_mode": "biencoder",
  "num_samples": 2000,
  "random_seed": 42,
  "biencoder": "sentence-transformers/all-mpnet-base-v2",