{
  "accuracy": 0.4,
  "macro_f1": 0.4226274158050761,
  "weighted_f1": 0.42790230864494977,
  "macro_precision": 0.6001318273790145,
  "macro_recall": 0.39750516430745725,
  "classification_report": {
    "0": {
      "precision": 0.23295454545454544,
      "recall": 0.43617021276595747,
      "f1-score": 0.3037037037037037,
      "support": 94.0
    },
    "1": {
      "precision": 0.31451612903225806,
      "recall": 0.375,
      "f1-score": 0.34210526315789475,
      "support": 104.0
    },
    "2": {
      "precision": 0.4482758620689655,
      "recall": 0.24761904761904763,
      "f1-score": 0.31901840490797545,
      "support": 105.0
    },
    "3": {
      "precision": 0.5,
      "recall": 0.030303030303030304,
      "f1-score": 0.05714285714285714,
      "support": 99.0
    },
    "4": {
      "precision": 0.625,
      "recall": 0.3465346534653465,
      "f1-score": 0.445859872611465,
      "support": 101.0
    },
    "5": {
      "precision": 0.13161465400271372,
      "recall": 0.941747572815534,
      "f1-score": 0.23095238095238096,
      "support": 103.0
    },
    "6": {
      "precision": 0.6739130434782609,
      "recall": 0.2743362831858407,
      "f1-score": 0.389937106918239,
      "support": 113.0
    },
    "7": {
      "precision": 0.7066666666666667,
      "recall": 0.5698924731182796,
      "f1-score": 0.6309523809523809,
      "support": 93.0
    },
    "8": {
      "precision": 0.75,
      "recall": 0.6176470588235294,
      "f1-score": 0.6774193548387096,
      "support": 102.0
    },
    "9": {
      "precision": 0.7628865979381443,
      "recall": 0.7872340425531915,
      "f1-score": 0.774869109947644,
      "support": 94.0
    },
    "10": {
      "precision": 1.0,
      "recall": 0.6428571428571429,
      "f1-score": 0.782608695652174,
      "support": 112.0
    },
    "11": {
      "precision": 0.9705882352941176,
      "recall": 0.35106382978723405,
      "f1-score": 0.515625,
      "support": 94.0
    },
    "12": {
      "precision": 0.7142857142857143,
      "recall": 0.09174311926605505,
      "f1-score": 0.16260162601626016,
      "support": 109.0
    },
    "13": {
      "precision": 0.9024390243902439,
      "recall": 0.3394495412844037,
      "f1-score": 0.49333333333333335,
      "support": 109.0
    },
    "14": {
      "precision": 0.8035714285714286,
      "recall": 0.39823008849557523,
      "f1-score": 0.5325443786982249,
      "support": 113.0
    },
    "15": {
      "precision": 0.6296296296296297,
      "recall": 0.3008849557522124,
      "f1-score": 0.40718562874251496,
      "support": 113.0
    },
    "16": {
      "precision": 0.5128205128205128,
      "recall": 0.39603960396039606,
      "f1-score": 0.44692737430167595,
      "support": 101.0
    },
    "17": {
      "precision": 0.875,
      "recall": 0.3684210526315789,
      "f1-score": 0.5185185185185185,
      "support": 95.0
    },
    "18": {
      "precision": 0.2558139534883721,
      "recall": 0.15492957746478872,
      "f1-score": 0.19298245614035087,
      "support": 71.0
    },
    "19": {
      "precision": 0.1926605504587156,
      "recall": 0.28,
      "f1-score": 0.22826086956521738,
      "support": 75.0
    },
    "accuracy": 0.4,
    "macro avg": {
      "precision": 0.6001318273790145,
      "recall": 0.39750516430745725,
      "f1-score": 0.4226274158050761,
      "support": 2000.0
    },
    "weighted avg": {
      "precision": 0.613441703838914,
      "recall": 0.4,
      "f1-score": 0.42790230864494977,
      "support": 2000.0
    }
  },
  "confusion_matrix": [
    [
      41,
      2,
      1,
      0,
      0,
      14,
      0,
      0,
      1,
      1,
      0,
      0,
      0,
      1,
      3,
      1,
      0,
      1,
      2,
      26
    ],
    [
      0,
      39,
      1,
      1,
      0,
      60,
      1,
      0,
      1,
      0,
      0,
      0,
      0,
      0,
      0,
      0,
      0,
      0,
      1,
      0
    ],
    [
      0,
      3,
      26,
      0,
      3,
      69,
      1,
      1,
      0,
      0,
      0,
      0,
      0,
      1,
      0,
      1,
      0,
      0,
      0,
      0
    ],
    [
      0,
      2,
      8,
      3,
      8,
      77,
      0,
      0,
      0,
      0,
      0,
      0,
      1,
      0,
      0,
      0,
      0,
      0,
      0,
      0
    ],
    [
      1,
      3,
      0,
      0,
      35,
      60,
      1,
      0,
      0,
      0,
      0,
      0,
      1,
      0,
      0,
      0,
      0,
      0,
      0,
      0
    ],
    [
      1,
      4,
      1,
      0,
      0,
      97,
      0,
      0,
      0,
      0,
      0,
      0,
      0,
      0,
      0,
      0,
      0,
      0,
      0,
      0
    ],
    [
      0,
      6,
      0,
      2,
      4,
      59,
      31,
      5,
      2,
      0,
      0,
      0,
      0,
      0,
      2,
      1,
      0,
      0,
      0,
      1
    ],
    [
      1,
      6,
      1,
      0,
      0,
      17,
      1,
      53,
      11,
      0,
      0,
      0,
      0,
      0,
      1,
      0,
      1,
      0,
      0,
      1
    ],
    [
      1,
      4,
      2,
      0,
      1,
      20,
      0,
      6,
      63,
      0,
      0,
      0,
      0,
      0,
      0,
      0,
      1,
      0,
      2,
      2
    ],
    [
      2,
      4,
      1,
      0,
      0,
      11,
      1,
      0,
      0,
      74,
      0,
      0,
      0,
      0,
      0,
      0,
      0,
      1,
      0,
      0
    ],
    [
      2,
      2,
      1,
      0,
      0,
      13,
      0,
      0,
      0,
      21,
      72,
      0,
      0,
      0,
      0,
      0,
      0,
      0,
      0,
      1
    ],
    [
      4,
      3,
      1,
      0,
      1,
      39,
      2,
      1,
      0,
      0,
      0,
      33,
      1,
      0,
      0,
      0,
      6,
      0,
      2,
      1
    ],
    [
      0,
      12,
      1,
      0,
      4,
      70,
      1,
      5,
      3,
      0,
      0,
      1,
      10,
      0,
      1,
      0,
      1,
      0,
      0,
      0
    ],
    [
      5,
      11,
      7,
      0,
      0,
      33,
      1,
      1,
      2,
      0,
      0,
      0,
      0,
      37,
      1,
      3,
      1,
      0,
      0,
      7
    ],
    [
      4,
      7,
      2,
      0,
      0,
      45,
      2,
      0,
      1,
      0,
      0,
      0,
      1,
      0,
      45,
      0,
      1,
      0,
      3,
      2
    ],
    [
      39,
      1,
      0,
      0,
      0,
      6,
      0,
      0,
      0,
      0,
      0,
      0,
      0,
      0,
      0,
      34,
      0,
      0,
      0,
      33
    ],
    [
      18,
      6,
      2,
      0,
      0,
      20,
      0,
      2,
      0,
      0,
      0,
      0,
      0,
      0,
      1,
      0,
      40,
      1,
      8,
      3
    ],
    [
      22,
      4,
      2,
      0,
      0,
      10,
      0,
      0,
      0,
      1,
      0,
      0,
      0,
      0,
      0,
      0,
      3,
      35,
      13,
      5
    ],
    [
      13,
      2,
      1,
      0,
      0,
      10,
      2,
      1,
      0,
      0,
      0,
      0,
      0,
      1,
      0,
      2,
      20,
      2,
      11,
      6
    ],
    [
      22,
      3,
      0,
      0,
      0,
      7,
      2,
      0,
      0,
      0,
      0,
      0,
      0,
      1,
      2,
      12,
      4,
      0,
      1,
      21
    ]
  ],
  "mean_confidence": 0.5980044336616993,
  "std_confidence": 0.05159508832794452,
  "mean_confidence_correct": 0.6075767515972257,
  "mean_confidence_incorrect": 0.5916228883713484,
  "experiment_name": "SetFit_20_newsgroups_bge-small-en-v1.5_l3",
  "dataset": "SetFit/20_newsgroups",
  "label_mode": "l3",
  "pipeline_mode": "biencoder",
  "num_samples": 2000,
  "random_seed": 42,
  "biencoder": "BAAI/bge-small-en-v1.5",