{
  "accuracy": 0.468,
  "macro_f1": 0.4460225339259877,
  "weighted_f1": 0.4510925265098933,
  "macro_precision": 0.5291837131611951,
  "macro_recall": 0.4635759086198686,
  "classification_report": {
    "0": {
      "precision": 0.29523809523809524,
      "recall": 0.32978723404255317,
      "f1-score": 0.31155778894472363,
      "support": 94.0
    },
    "1": {
      "precision": 0.34057971014492755,
      "recall": 0.4519230769230769,
      "f1-score": 0.3884297520661157,
      "support": 104.0
    },
    "2": {
      "precision": 0.5,
      "recall": 0.05714285714285714,
      "f1-score": 0.10256410256410256,
      "support": 105.0
    },
    "3": {
      "precision": 0.2703862660944206,
      "recall": 0.6363636363636364,
      "f1-score": 0.3795180722891566,
      "support": 99.0
    },
    "4": {
      "precision": 0.21656050955414013,
      "recall": 0.6732673267326733,
      "f1-score": 0.327710843373494,
      "support": 101.0
    },
    "5": {
      "precision": 0.43529411764705883,
      "recall": 0.7184466019417476,
      "f1-score": 0.5421245421245421,
      "support": 103.0
    },
    "6": {
      "precision": 0.41935483870967744,
      "recall": 0.11504424778761062,
      "f1-score": 0.18055555555555555,
      "support": 113.0
    },
    "7": {
      "precision": 0.7375,
      "recall": 0.6344086021505376,
      "f1-score": 0.6820809248554913,
      "support": 93.0
    },
    "8": {
      "precision": 0.7052631578947368,
      "recall": 0.6568627450980392,
      "f1-score": 0.6802030456852792,
      "support": 102.0
    },
    "9": {
      "precision": 0.6259541984732825,
      "recall": 0.8723404255319149,
      "f1-score": 0.7288888888888889,
      "support": 94.0
    },
    "10": {
      "precision": 0.9302325581395349,
      "recall": 0.7142857142857143,
      "f1-score": 0.8080808080808081,
      "support": 112.0
    },
    "11": {
      "precision": 0.8571428571428571,
      "recall": 0.5106382978723404,
      "f1-score": 0.64,
      "support": 94.0
    },
    "12": {
      "precision": 0.45,
      "recall": 0.08256880733944955,
      "f1-score": 0.13953488372093023,
      "support": 109.0
    },
    "13": {
      "precision": 0.9032258064516129,
      "recall": 0.25688073394495414,
      "f1-score": 0.4,
      "support": 109.0
    },
    "14": {
      "precision": 0.8142857142857143,
      "recall": 0.504424778761062,
      "f1-score": 0.6229508196721312,
      "support": 113.0
    },
    "15": {
      "precision": 0.4461538461538462,
      "recall": 0.7699115044247787,
      "f1-score": 0.564935064935065,
      "support": 113.0
    },
    "16": {
      "precision": 0.5737704918032787,
      "recall": 0.3465346534653465,
      "f1-score": 0.43209876543209874,
      "support": 101.0
    },
    "17": {
      "precision": 0.6896551724137931,
      "recall": 0.631578947368421,
      "f1-score": 0.6593406593406593,
      "support": 95.0
    },
    "18": {
      "precision": 0.3230769230769231,
      "recall": 0.29577464788732394,
      "f1-score": 0.3088235294117647,
      "support": 71.0
    },
    "19": {
      "precision": 0.05,
      "recall": 0.013333333333333334,
      "f1-score": 0.021052631578947368,
      "support": 75.0
    },
    "accuracy": 0.468,
    "macro avg": {
      "precision": 0.5291837131611951,
      "recall": 0.4635759086198686,
      "f1-score": 0.4460225339259877,
      "support": 2000.0
    },
    "weighted avg": {
      "precision": 0.5403726155876086,
      "recall": 0.468,
      "f1-score": 0.4510925265098933,
      "support": 2000.0
    }
  },
  "confusion_matrix": [
    [
      31,
      3,
      0,
      2,
      4,
      2,
      0,
      3,
      1,
      2,
      0,
      0,
      0,
      0,
      4,
      27,
      1,
      2,
      7,
      5
    ],
    [
      1,
      47,
      0,
      19,
      19,
      13,
      0,
      0,
      0,
      0,
      0,
      2,
      1,
      0,
      0,
      0,
      0,
      1,
      1,
      0
    ],
    [
      0,
      9,
      6,
      39,
      13,
      35,
      2,
      0,
      0,
      0,
      1,
      0,
      0,
      0,
      0,
      0,
      0,
      0,
      0,
      0
    ],
    [
      0,
      2,
      2,
      63,
      29,
      3,
      0,
      0,
      0,
      0,
      0,
      0,
      0,
      0,
      0,
      0,
      0,
      0,
      0,
      0
    ],
    [
      0,
      7,
      0,
      21,
      68,
      4,
      0,
      0,
      0,
      1,
      0,
      0,
      0,
      0,
      0,
      0,
      0,
      0,
      0,
      0
    ],
    [
      0,
      10,
      0,
      8,
      10,
      74,
      0,
      0,
      0,
      0,
      0,
      0,
      0,
      0,
      0,
      0,
      0,
      0,
      1,
      0
    ],
    [
      2,
      6,
      0,
      21,
      59,
      2,
      13,
      3,
      1,
      3,
      1,
      0,
      0,
      0,
      0,
      1,
      0,
      0,
      0,
      1
    ],
    [
      0,
      6,
      0,
      0,
      5,
      5,
      2,
      59,
      9,
      2,
      0,
      0,
      0,
      0,
      0,
      2,
      0,
      1,
      2,
      0
    ],
    [
      0,
      4,
      1,
      2,
      9,
      1,
      0,
      5,
      67,
      4,
      1,
      0,
      0,
      0,
      0,
      2,
      1,
      1,
      3,
      1
    ],
    [
      3,
      4,
      0,
      1,
      3,
      0,
      0,
      0,
      0,
      82,
      0,
      0,
      0,
      0,
      0,
      0,
      0,
      0,
      1,
      0
    ],
    [
      1,
      2,
      1,
      0,
      2,
      1,
      0,
      0,
      0,
      23,
      80,
      0,
      0,
      0,
      0,
      1,
      0,
      0,
      0,
      1
    ],
    [
      1,
      1,
      0,
      9,
      17,
      2,
      1,
      0,
      0,
      1,
      0,
      48,
      1,
      0,
      0,
      1,
      6,
      2,
      3,
      1
    ],
    [
      0,
      6,
      0,
      28,
      37,
      6,
      3,
      5,
      7,
      3,
      0,
      2,
      9,
      0,
      2,
      1,
      0,
      0,
      0,
      0
    ],
    [
      3,
      10,
      1,
      8,
      10,
      15,
      1,
      0,
      2,
      1,
      2,
      1,
      3,
      28,
      4,
      10,
      1,
      2,
      3,
      4
    ],
    [
      3,
      5,
      1,
      5,
      16,
      5,
      4,
      2,
      2,
      1,
      1,
      0,
      4,
      0,
      57,
      2,
      2,
      1,
      2,
      0
    ],
    [
      16,
      1,
      0,
      0,
      3,
      0,
      0,
      0,
      0,
      0,
      0,
      1,
      0,
      0,
      0,
      87,
      0,
      0,
      2,
      3
    ],
    [
      11,
      8,
      0,
      4,
      4,
      1,
      1,
      2,
      5,
      2,
      0,
      1,
      1,
      0,
      1,
      4,
      35,
      8,
      12,
      1
    ],
    [
      8,
      4,
      0,
      1,
      3,
      0,
      0,
      0,
      0,
      1,
      0,
      1,
      0,
      0,
      0,
      9,
      0,
      60,
      6,
      2
    ],
    [
      4,
      1,
      0,
      0,
      2,
      1,
      2,
      1,
      0,
      5,
      0,
      0,
      0,
      2,
      0,
      14,
      12,
      6,
      21,
      0
    ],
    [
      21,
      2,
      0,
      2,
      1,
      0,
      2,
      0,
      1,
      0,
      0,
      0,
      1,
      1,
      2,
      34,
      3,
      3,
      1,
      1
    ]
  ],
  "mean_confidence": 0.5557704324573278,
  "std_confidence": 0.05555999955753193,
  "mean_confidence_correct": 0.5708894946445258,
  "mean_confidence_incorrect": 0.5424702048189658,
  "experiment_name": "SetFit_20_newsgroups_bge-small-en-v1.5_l2",
  "dataset": "SetFit/20_newsgroups",
  "label_mode": "l2",
  "pipeline_mode": "biencoder",
  "num_samples": 2000,
  "random_seed": 42,
  "biencoder": "BAAI/bge-small-en-v1.5",