{
  "accuracy": 0.4535,
  "macro_f1": 0.44025970626929134,
  "weighted_f1": 0.44815460534976004,
  "macro_precision": 0.5213556930845022,
  "macro_recall": 0.44795899065203787,
  "classification_report": {
    "0": {
      "precision": 0.24752475247524752,
      "recall": 0.5319148936170213,
      "f1-score": 0.33783783783783783,
      "support": 94.0
    },
    "1": {
      "precision": 0.6304347826086957,
      "recall": 0.27884615384615385,
      "f1-score": 0.38666666666666666,
      "support": 104.0
    },
    "2": {
      "precision": 0.32793522267206476,
      "recall": 0.7714285714285715,
      "f1-score": 0.4602272727272727,
      "support": 105.0
    },
    "3": {
      "precision": 0.3384615384615385,
      "recall": 0.2222222222222222,
      "f1-score": 0.2682926829268293,
      "support": 99.0
    },
    "4": {
      "precision": 0.7346938775510204,
      "recall": 0.3564356435643564,
      "f1-score": 0.48,
      "support": 101.0
    },
    "5": {
      "precision": 0.6853932584269663,
      "recall": 0.5922330097087378,
      "f1-score": 0.6354166666666666,
      "support": 103.0
    },
    "6": {
      "precision": 0.4235294117647059,
      "recall": 0.3185840707964602,
      "f1-score": 0.36363636363636365,
      "support": 113.0
    },
    "7": {
      "precision": 0.6730769230769231,
      "recall": 0.3763440860215054,
      "f1-score": 0.4827586206896552,
      "support": 93.0
    },
    "8": {
      "precision": 0.5298507462686567,
      "recall": 0.696078431372549,
      "f1-score": 0.6016949152542372,
      "support": 102.0
    },
    "9": {
      "precision": 0.5905511811023622,
      "recall": 0.7978723404255319,
      "f1-score": 0.6787330316742082,
      "support": 94.0
    },
    "10": {
      "precision": 0.8210526315789474,
      "recall": 0.6964285714285714,
      "f1-score": 0.7536231884057971,
      "support": 112.0
    },
    "11": {
      "precision": 0.8928571428571429,
      "recall": 0.26595744680851063,
      "f1-score": 0.4098360655737705,
      "support": 94.0
    },
    "12": {
      "precision": 0.3804347826086957,
      "recall": 0.3211009174311927,
      "f1-score": 0.3482587064676617,
      "support": 109.0
    },
    "13": {
      "precision": 0.448,
      "recall": 0.5137614678899083,
      "f1-score": 0.47863247863247865,
      "support": 109.0
    },
    "14": {
      "precision": 0.5290322580645161,
      "recall": 0.7256637168141593,
      "f1-score": 0.6119402985074627,
      "support": 113.0
    },
    "15": {
      "precision": 0.5098039215686274,
      "recall": 0.23008849557522124,
      "f1-score": 0.3170731707317073,
      "support": 113.0
    },
    "16": {
      "precision": 0.43119266055045874,
      "recall": 0.46534653465346537,
      "f1-score": 0.44761904761904764,
      "support": 101.0
    },
    "17": {
      "precision": 0.8636363636363636,
      "recall": 0.2,
      "f1-score": 0.3247863247863248,
      "support": 95.0
    },
    "18": {
      "precision": 0.19318181818181818,
      "recall": 0.4788732394366197,
      "f1-score": 0.27530364372469635,
      "support": 71.0
    },
    "19": {
      "precision": 0.17647058823529413,
      "recall": 0.12,
      "f1-score": 0.14285714285714285,
      "support": 75.0
    },
    "accuracy": 0.4535,
    "macro avg": {
      "precision": 0.5213556930845022,
      "recall": 0.44795899065203787,
      "f1-score": 0.44025970626929134,
      "support": 2000.0
    },
    "weighted avg": {
      "precision": 0.5288530244096857,
      "recall": 0.4535,
      "f1-score": 0.44815460534976004,
      "support": 2000.0
    }
  },
  "confusion_matrix": [
    [
      50,
      0,
      1,
      0,
      0,
      0,
      0,
      0,
      2,
      3,
      1,
      0,
      0,
      5,
      8,
      5,
      2,
      0,
      11,
      6
    ],
    [
      2,
      29,
      17,
      7,
      1,
      14,
      4,
      0,
      1,
      1,
      0,
      1,
      14,
      1,
      5,
      0,
      0,
      0,
      6,
      1
    ],
    [
      0,
      4,
      81,
      1,
      3,
      4,
      3,
      1,
      0,
      0,
      0,
      0,
      3,
      2,
      1,
      0,
      0,
      0,
      2,
      0
    ],
    [
      0,
      0,
      55,
      22,
      3,
      4,
      2,
      1,
      1,
      1,
      0,
      0,
      6,
      2,
      2,
      0,
      0,
      0,
      0,
      0
    ],
    [
      0,
      0,
      21,
      12,
      36,
      2,
      3,
      2,
      2,
      2,
      1,
      0,
      9,
      3,
      5,
      0,
      0,
      0,
      3,
      0
    ],
    [
      0,
      7,
      22,
      0,
      0,
      61,
      3,
      0,
      2,
      1,
      0,
      0,
      3,
      1,
      2,
      0,
      0,
      0,
      1,
      0
    ],
    [
      1,
      0,
      21,
      10,
      3,
      1,
      36,
      2,
      11,
      5,
      0,
      0,
      6,
      4,
      11,
      0,
      0,
      0,
      1,
      1
    ],
    [
      0,
      0,
      2,
      0,
      0,
      0,
      2,
      35,
      29,
      1,
      2,
      0,
      3,
      6,
      3,
      0,
      2,
      0,
      8,
      0
    ],
    [
      5,
      0,
      0,
      0,
      0,
      0,
      2,
      2,
      71,
      1,
      1,
      0,
      0,
      7,
      3,
      0,
      2,
      0,
      8,
      0
    ],
    [
      4,
      0,
      0,
      1,
      0,
      0,
      0,
      0,
      0,
      75,
      6,
      0,
      0,
      4,
      1,
      0,
      0,
      0,
      3,
      0
    ],
    [
      2,
      0,
      0,
      0,
      0,
      0,
      0,
      1,
      0,
      26,
      78,
      0,
      0,
      2,
      0,
      0,
      0,
      0,
      2,
      1
    ],
    [
      6,
      0,
      3,
      4,
      3,
      1,
      7,
      0,
      0,
      0,
      0,
      25,
      7,
      2,
      4,
      0,
      13,
      0,
      19,
      0
    ],
    [
      1,
      5,
      13,
      6,
      0,
      2,
      13,
      7,
      9,
      2,
      0,
      2,
      35,
      3,
      4,
      1,
      1,
      0,
      5,
      0
    ],
    [
      16,
      0,
      7,
      0,
      0,
      0,
      2,
      1,
      4,
      0,
      1,
      0,
      2,
      56,
      9,
      2,
      4,
      0,
      4,
      1
    ],
    [
      3,
      1,
      1,
      1,
      0,
      0,
      4,
      0,
      1,
      0,
      1,
      0,
      2,
      6,
      82,
      0,
      4,
      0,
      6,
      1
    ],
    [
      45,
      0,
      0,
      0,
      0,
      0,
      0,
      0,
      0,
      1,
      0,
      0,
      1,
      2,
      1,
      26,
      5,
      1,
      3,
      28
    ],
    [
      11,
      0,
      2,
      1,
      0,
      0,
      0,
      0,
      0,
      3,
      2,
      0,
      0,
      6,
      4,
      1,
      47,
      0,
      23,
      1
    ],
    [
      19,
      0,
      1,
      0,
      0,
      0,
      1,
      0,
      0,
      2,
      0,
      0,
      0,
      4,
      1,
      2,
      10,
      19,
      34,
      2
    ],
    [
      9,
      0,
      0,
      0,
      0,
      0,
      2,
      0,
      0,
      1,
      2,
      0,
      0,
      6,
      3,
      0,
      13,
      1,
      34,
      0
    ],
    [
      28,
      0,
      0,
      0,
      0,
      0,
      1,
      0,
      1,
      2,
      0,
      0,
      1,
      3,
      6,
      14,
      6,
      1,
      3,
      9
    ]
  ],
  "mean_confidence": 0.7934562297463417,
  "std_confidence": 0.016883439430483965,
  "mean_confidence_correct": 0.7965382562319788,
  "mean_confidence_incorrect": 0.7908986835226703,
  "experiment_name": "SetFit_20_newsgroups_e5-small-v2_l3",
  "dataset": "SetFit/20_newsgroups",
  "label_mode": "l3",
  "pipeline_mode": "biencoder",
  "num_samples": 2000,
  "random_seed": 42,
  "biencoder": "intfloat/e5-small-v2",