{
  "accuracy": 0.411,
  "macro_f1": 0.42200934731795064,
  "weighted_f1": 0.428378177181919,
  "macro_precision": 0.549976309682536,
  "macro_recall": 0.4108091209282997,
  "classification_report": {
    "0": {
      "precision": 0.1806853582554517,
      "recall": 0.6170212765957447,
      "f1-score": 0.27951807228915665,
      "support": 94.0
    },
    "1": {
      "precision": 0.4931506849315068,
      "recall": 0.34615384615384615,
      "f1-score": 0.4067796610169492,
      "support": 104.0
    },
    "2": {
      "precision": 0.37962962962962965,
      "recall": 0.3904761904761905,
      "f1-score": 0.38497652582159625,
      "support": 105.0
    },
    "3": {
      "precision": 0.2713178294573643,
      "recall": 0.35353535353535354,
      "f1-score": 0.30701754385964913,
      "support": 99.0
    },
    "4": {
      "precision": 0.26222222222222225,
      "recall": 0.5841584158415841,
      "f1-score": 0.3619631901840491,
      "support": 101.0
    },
    "5": {
      "precision": 0.5531914893617021,
      "recall": 0.5048543689320388,
      "f1-score": 0.5279187817258884,
      "support": 103.0
    },
    "6": {
      "precision": 0.4,
      "recall": 0.24778761061946902,
      "f1-score": 0.30601092896174864,
      "support": 113.0
    },
    "7": {
      "precision": 0.703125,
      "recall": 0.4838709677419355,
      "f1-score": 0.5732484076433121,
      "support": 93.0
    },
    "8": {
      "precision": 0.8888888888888888,
      "recall": 0.3137254901960784,
      "f1-score": 0.463768115942029,
      "support": 102.0
    },
    "9": {
      "precision": 0.8641975308641975,
      "recall": 0.7446808510638298,
      "f1-score": 0.8,
      "support": 94.0
    },
    "10": {
      "precision": 0.9019607843137255,
      "recall": 0.8214285714285714,
      "f1-score": 0.8598130841121495,
      "support": 112.0
    },
    "11": {
      "precision": 0.8888888888888888,
      "recall": 0.1702127659574468,
      "f1-score": 0.2857142857142857,
      "support": 94.0
    },
    "12": {
      "precision": 0.6470588235294118,
      "recall": 0.2018348623853211,
      "f1-score": 0.3076923076923077,
      "support": 109.0
    },
    "13": {
      "precision": 0.39215686274509803,
      "recall": 0.3669724770642202,
      "f1-score": 0.3791469194312796,
      "support": 109.0
    },
    "14": {
      "precision": 0.8157894736842105,
      "recall": 0.5486725663716814,
      "f1-score": 0.656084656084656,
      "support": 113.0
    },
    "15": {
      "precision": 0.6521739130434783,
      "recall": 0.13274336283185842,
      "f1-score": 0.22058823529411764,
      "support": 113.0
    },
    "16": {
      "precision": 0.5555555555555556,
      "recall": 0.39603960396039606,
      "f1-score": 0.4624277456647399,
      "support": 101.0
    },
    "17": {
      "precision": 0.8484848484848485,
      "recall": 0.29473684210526313,
      "f1-score": 0.4375,
      "support": 95.0
    },
    "18": {
      "precision": 0.1513157894736842,
      "recall": 0.323943661971831,
      "f1-score": 0.2062780269058296,
      "support": 71.0
    },
    "19": {
      "precision": 0.1497326203208556,
      "recall": 0.37333333333333335,
      "f1-score": 0.21374045801526717,
      "support": 75.0
    },
    "accuracy": 0.411,
    "macro avg": {
      "precision": 0.549976309682536,
      "recall": 0.4108091209282997,
      "f1-score": 0.42200934731795064,
      "support": 2000.0
    },
    "weighted avg": {
      "precision": 0.5616843868747956,
      "recall": 0.411,
      "f1-score": 0.428378177181919,
      "support": 2000.0
    }
  },
  "confusion_matrix": [
    [
      58,
      0,
      0,
      0,
      0,
      0,
      1,
      0,
      0,
      0,
      0,
      0,
      0,
      3,
      2,
      0,
      0,
      2,
      8,
      20
    ],
    [
      9,
      36,
      10,
      9,
      19,
      5,
      3,
      1,
      0,
      0,
      0,
      0,
      0,
      4,
      2,
      0,
      0,
      0,
      4,
      2
    ],
    [
      2,
      5,
      41,
      11,
      13,
      23,
      1,
      0,
      0,
      0,
      1,
      0,
      0,
      5,
      0,
      0,
      0,
      0,
      2,
      1
    ],
    [
      0,
      2,
      10,
      35,
      43,
      3,
      1,
      0,
      0,
      0,
      0,
      0,
      2,
      2,
      0,
      0,
      0,
      0,
      1,
      0
    ],
    [
      3,
      4,
      2,
      19,
      59,
      1,
      4,
      1,
      0,
      0,
      0,
      0,
      1,
      3,
      1,
      0,
      0,
      0,
      2,
      1
    ],
    [
      2,
      8,
      13,
      6,
      18,
      52,
      3,
      0,
      0,
      0,
      0,
      0,
      0,
      1,
      0,
      0,
      0,
      0,
      0,
      0
    ],
    [
      2,
      6,
      3,
      22,
      24,
      2,
      28,
      2,
      0,
      5,
      3,
      0,
      3,
      4,
      0,
      0,
      0,
      0,
      3,
      6
    ],
    [
      6,
      2,
      5,
      2,
      4,
      1,
      8,
      45,
      2,
      0,
      1,
      0,
      2,
      7,
      0,
      0,
      0,
      0,
      7,
      1
    ],
    [
      20,
      1,
      2,
      0,
      7,
      0,
      6,
      8,
      32,
      2,
      1,
      0,
      0,
      5,
      1,
      0,
      1,
      0,
      5,
      11
    ],
    [
      6,
      1,
      0,
      0,
      0,
      1,
      1,
      0,
      0,
      70,
      2,
      0,
      0,
      5,
      0,
      0,
      0,
      0,
      6,
      2
    ],
    [
      4,
      1,
      0,
      0,
      0,
      0,
      1,
      0,
      0,
      3,
      92,
      0,
      0,
      2,
      0,
      0,
      0,
      0,
      5,
      4
    ],
    [
      9,
      0,
      7,
      8,
      13,
      1,
      2,
      0,
      0,
      0,
      0,
      16,
      0,
      1,
      0,
      0,
      11,
      1,
      21,
      4
    ],
    [
      9,
      3,
      7,
      16,
      15,
      2,
      5,
      5,
      2,
      0,
      1,
      0,
      22,
      3,
      2,
      1,
      1,
      0,
      6,
      9
    ],
    [
      32,
      0,
      5,
      0,
      2,
      1,
      1,
      0,
      0,
      0,
      0,
      0,
      0,
      40,
      1,
      0,
      2,
      0,
      6,
      19
    ],
    [
      14,
      2,
      2,
      1,
      4,
      0,
      2,
      1,
      0,
      0,
      1,
      2,
      3,
      3,
      62,
      0,
      1,
      1,
      12,
      2
    ],
    [
      60,
      0,
      0,
      0,
      0,
      0,
      1,
      0,
      0,
      0,
      0,
      0,
      0,
      1,
      0,
      15,
      0,
      0,
      0,
      36
    ],
    [
      17,
      0,
      0,
      0,
      1,
      2,
      1,
      1,
      0,
      0,
      0,
      0,
      1,
      6,
      2,
      0,
      40,
      0,
      19,
      11
    ],
    [
      22,
      0,
      0,
      0,
      2,
      0,
      0,
      0,
      0,
      1,
      0,
      0,
      0,
      4,
      0,
      2,
      0,
      28,
      18,
      18
    ],
    [
      20,
      1,
      1,
      0,
      1,
      0,
      0,
      0,
      0,
      0,
      0,
      0,
      0,
      1,
      0,
      0,
      11,
      1,
      23,
      12
    ],
    [
      26,
      1,
      0,
      0,
      0,
      0,
      1,
      0,
      0,
      0,
      0,
      0,
      0,
      2,
      3,
      5,
      5,
      0,
      4,
      28
    ]
  ],
  "mean_confidence": 0.7957115179002285,
  "std_confidence": 0.017461655086412196,
  "mean_confidence_correct": 0.7970739990980376,
  "mean_confidence_incorrect": 0.7947607882358829,
  "experiment_name": "SetFit_20_newsgroups_e5-small-v2_l1",
  "dataset": "SetFit/20_newsgroups",
  "label_mode": "name_only",
  "pipeline_mode": "biencoder",
  "num_samples": 2000,
  "random_seed": 42,
  "biencoder": "intfloat/e5-small-v2",
  "top_errors": [
    {
      "text": "alt.religion.spam?\n",