{
  "accuracy": 0.5555,
  "macro_f1": 0.5333046155883548,
  "weighted_f1": 0.5429016056586222,
  "macro_precision": 0.550923796975206,
  "macro_recall": 0.544536341492396,
  "classification_report": {
    "0": {
      "precision": 0.4657534246575342,
      "recall": 0.3617021276595745,
      "f1-score": 0.40718562874251496,
      "support": 94.0
    },
    "1": {
      "precision": 0.5428571428571428,
      "recall": 0.36538461538461536,
      "f1-score": 0.4367816091954023,
      "support": 104.0
    },
    "2": {
      "precision": 0.6216216216216216,
      "recall": 0.4380952380952381,
      "f1-score": 0.5139664804469274,
      "support": 105.0
    },
    "3": {
      "precision": 0.3237704918032787,
      "recall": 0.797979797979798,
      "f1-score": 0.4606413994169096,
      "support": 99.0
    },
    "4": {
      "precision": 0.4430379746835443,
      "recall": 0.3465346534653465,
      "f1-score": 0.3888888888888889,
      "support": 101.0
    },
    "5": {
      "precision": 0.6074074074074074,
      "recall": 0.7961165048543689,
      "f1-score": 0.6890756302521008,
      "support": 103.0
    },
    "6": {
      "precision": 0.32673267326732675,
      "recall": 0.2920353982300885,
      "f1-score": 0.308411214953271,
      "support": 113.0
    },
    "7": {
      "precision": 0.7261904761904762,
      "recall": 0.6559139784946236,
      "f1-score": 0.6892655367231638,
      "support": 93.0
    },
    "8": {
      "precision": 0.6494845360824743,
      "recall": 0.6176470588235294,
      "f1-score": 0.6331658291457286,
      "support": 102.0
    },
    "9": {
      "precision": 0.8636363636363636,
      "recall": 0.8085106382978723,
      "f1-score": 0.8351648351648352,
      "support": 94.0
    },
    "10": {
      "precision": 0.8608695652173913,
      "recall": 0.8839285714285714,
      "f1-score": 0.8722466960352423,
      "support": 112.0
    },
    "11": {
      "precision": 0.6195652173913043,
      "recall": 0.6063829787234043,
      "f1-score": 0.6129032258064516,
      "support": 94.0
    },
    "12": {
      "precision": 0.4222222222222222,
      "recall": 0.1743119266055046,
      "f1-score": 0.24675324675324675,
      "support": 109.0
    },
    "13": {
      "precision": 0.6349206349206349,
      "recall": 0.7339449541284404,
      "f1-score": 0.6808510638297872,
      "support": 109.0
    },
    "14": {
      "precision": 0.7272727272727273,
      "recall": 0.6371681415929203,
      "f1-score": 0.6792452830188679,
      "support": 113.0
    },
    "15": {
      "precision": 0.6013513513513513,
      "recall": 0.7876106194690266,
      "f1-score": 0.6819923371647509,
      "support": 113.0
    },
    "16": {
      "precision": 0.4068965517241379,
      "recall": 0.5841584158415841,
      "f1-score": 0.4796747967479675,
      "support": 101.0
    },
    "17": {
      "precision": 0.6415094339622641,
      "recall": 0.7157894736842105,
      "f1-score": 0.6766169154228856,
      "support": 95.0
    },
    "18": {
      "precision": 0.24390243902439024,
      "recall": 0.14084507042253522,
      "f1-score": 0.17857142857142858,
      "support": 71.0
    },
    "19": {
      "precision": 0.2894736842105263,
      "recall": 0.14666666666666667,
      "f1-score": 0.19469026548672566,
      "support": 75.0
    },
    "accuracy": 0.5555,
    "macro avg": {
      "precision": 0.550923796975206,
      "recall": 0.544536341492396,
      "f1-score": 0.5333046155883548,
      "support": 2000.0
    },
    "weighted avg": {
      "precision": 0.5589221104280984,
      "recall": 0.5555,
      "f1-score": 0.5429016056586222,
      "support": 2000.0
    }
  },
  "confusion_matrix": [
    [
      34,
      0,
      0,
      0,
      1,
      0,
      2,
      0,
      3,
      1,
      2,
      2,
      0,
      4,
      5,
      18,
      4,
      8,
      2,
      8
    ],
    [
      1,
      38,
      4,
      15,
      2,
      23,
      0,
      2,
      1,
      0,
      0,
      5,
      6,
      4,
      1,
      0,
      0,
      0,
      1,
      1
    ],
    [
      0,
      9,
      46,
      18,
      4,
      20,
      4,
      0,
      0,
      0,
      1,
      1,
      1,
      0,
      0,
      0,
      0,
      0,
      0,
      1
    ],
    [
      0,
      0,
      4,
      79,
      6,
      6,
      2,
      0,
      0,
      0,
      0,
      1,
      0,
      1,
      0,
      0,
      0,
      0,
      0,
      0
    ],
    [
      0,
      1,
      1,
      50,
      35,
      0,
      5,
      1,
      0,
      0,
      0,
      2,
      5,
      1,
      0,
      0,
      0,
      0,
      0,
      0
    ],
    [
      0,
      4,
      4,
      7,
      3,
      82,
      1,
      0,
      0,
      1,
      0,
      0,
      0,
      0,
      0,
      1,
      0,
      0,
      0,
      0
    ],
    [
      1,
      0,
      2,
      43,
      9,
      1,
      33,
      2,
      6,
      1,
      2,
      1,
      1,
      1,
      3,
      1,
      2,
      0,
      2,
      2
    ],
    [
      0,
      1,
      0,
      0,
      3,
      0,
      7,
      61,
      11,
      1,
      1,
      2,
      0,
      1,
      2,
      0,
      2,
      0,
      1,
      0
    ],
    [
      2,
      1,
      1,
      3,
      2,
      0,
      4,
      9,
      63,
      1,
      1,
      1,
      1,
      2,
      1,
      0,
      6,
      2,
      2,
      0
    ],
    [
      1,
      0,
      0,
      1,
      0,
      0,
      4,
      0,
      1,
      76,
      5,
      0,
      0,
      1,
      1,
      1,
      1,
      0,
      0,
      2
    ],
    [
      0,
      0,
      2,
      0,
      0,
      0,
      2,
      0,
      0,
      4,
      99,
      1,
      0,
      0,
      0,
      0,
      2,
      0,
      2,
      0
    ],
    [
      0,
      0,
      1,
      3,
      1,
      0,
      2,
      0,
      0,
      0,
      1,
      57,
      4,
      2,
      0,
      0,
      17,
      1,
      4,
      1
    ],
    [
      0,
      9,
      2,
      22,
      8,
      2,
      7,
      7,
      4,
      0,
      2,
      13,
      19,
      3,
      4,
      0,
      2,
      2,
      3,
      0
    ],
    [
      3,
      2,
      1,
      1,
      0,
      0,
      8,
      1,
      3,
      0,
      0,
      1,
      1,
      80,
      1,
      1,
      4,
      0,
      1,
      1
    ],
    [
      1,
      3,
      3,
      1,
      2,
      1,
      5,
      1,
      2,
      0,
      0,
      2,
      6,
      6,
      72,
      1,
      4,
      1,
      2,
      0
    ],
    [
      11,
      1,
      0,
      0,
      0,
      0,
      1,
      0,
      0,
      0,
      0,
      1,
      0,
      3,
      1,
      89,
      1,
      0,
      1,
      4
    ],
    [
      4,
      0,
      1,
      1,
      1,
      0,
      6,
      0,
      1,
      1,
      1,
      1,
      1,
      1,
      1,
      4,
      59,
      10,
      6,
      2
    ],
    [
      3,
      0,
      1,
      0,
      1,
      0,
      4,
      0,
      1,
      2,
      0,
      0,
      0,
      0,
      0,
      3,
      5,
      68,
      4,
      3
    ],
    [
      2,
      0,
      0,
      0,
      0,
      0,
      1,
      0,
      1,
      0,
      0,
      0,
      0,
      12,
      3,
      4,
      26,
      10,
      10,
      2
    ],
    [
      10,
      1,
      1,
      0,
      1,
      0,
      3,
      0,
      0,
      0,
      0,
      1,
      0,
      4,
      4,
      25,
      10,
      4,
      0,
      11
    ]
  ],
  "mean_confidence": 0.27099419208895414,
  "std_confidence": 0.09958772541576175,
  "mean_confidence_correct": 0.28981771530343753,
  "mean_confidence_incorrect": 0.24747008152507222,
  "experiment_name": "SetFit_20_newsgroups_all-mpnet-base-v2_l3",
  "dataset": "SetFit/20_newsgroups",
  "label_mode": "l3",
  "pipeline_mode": "biencoder",
  "num_samples": 2000,
  "random_seed": 42,
  "biencoder": "sentence-transformers/all-mpnet-base-v2",