{
  "accuracy": 0.534,
  "macro_f1": 0.5077483026712015,
  "weighted_f1": 0.517219790395451,
  "macro_precision": 0.5415501530953954,
  "macro_recall": 0.5238389033446202,
  "classification_report": {
    "0": {
      "precision": 0.3917525773195876,
      "recall": 0.40425531914893614,
      "f1-score": 0.39790575916230364,
      "support": 94.0
    },
    "1": {
      "precision": 0.5405405405405406,
      "recall": 0.38461538461538464,
      "f1-score": 0.449438202247191,
      "support": 104.0
    },
    "2": {
      "precision": 0.6567164179104478,
      "recall": 0.41904761904761906,
      "f1-score": 0.5116279069767442,
      "support": 105.0
    },
    "3": {
      "precision": 0.27403846153846156,
      "recall": 0.5757575757575758,
      "f1-score": 0.3713355048859935,
      "support": 99.0
    },
    "4": {
      "precision": 0.36477987421383645,
      "recall": 0.5742574257425742,
      "f1-score": 0.4461538461538462,
      "support": 101.0
    },
    "5": {
      "precision": 0.5379746835443038,
      "recall": 0.8252427184466019,
      "f1-score": 0.6513409961685823,
      "support": 103.0
    },
    "6": {
      "precision": 0.53125,
      "recall": 0.1504424778761062,
      "f1-score": 0.23448275862068965,
      "support": 113.0
    },
    "7": {
      "precision": 0.63,
      "recall": 0.6774193548387096,
      "f1-score": 0.6528497409326425,
      "support": 93.0
    },
    "8": {
      "precision": 0.75,
      "recall": 0.6470588235294118,
      "f1-score": 0.6947368421052632,
      "support": 102.0
    },
    "9": {
      "precision": 0.8426966292134831,
      "recall": 0.7978723404255319,
      "f1-score": 0.819672131147541,
      "support": 94.0
    },
    "10": {
      "precision": 0.868421052631579,
      "recall": 0.8839285714285714,
      "f1-score": 0.8761061946902655,
      "support": 112.0
    },
    "11": {
      "precision": 0.6363636363636364,
      "recall": 0.5212765957446809,
      "f1-score": 0.5730994152046783,
      "support": 94.0
    },
    "12": {
      "precision": 0.4,
      "recall": 0.1651376146788991,
      "f1-score": 0.23376623376623376,
      "support": 109.0
    },
    "13": {
      "precision": 0.6947368421052632,
      "recall": 0.6055045871559633,
      "f1-score": 0.6470588235294118,
      "support": 109.0
    },
    "14": {
      "precision": 0.7763157894736842,
      "recall": 0.5221238938053098,
      "f1-score": 0.6243386243386243,
      "support": 113.0
    },
    "15": {
      "precision": 0.43564356435643564,
      "recall": 0.7787610619469026,
      "f1-score": 0.5587301587301587,
      "support": 113.0
    },
    "16": {
      "precision": 0.39215686274509803,
      "recall": 0.594059405940594,
      "f1-score": 0.47244094488188976,
      "support": 101.0
    },
    "17": {
      "precision": 0.6033057851239669,
      "recall": 0.7684210526315789,
      "f1-score": 0.6759259259259259,
      "support": 95.0
    },
    "18": {
      "precision": 0.3793103448275862,
      "recall": 0.15492957746478872,
      "f1-score": 0.22,
      "support": 71.0
    },
    "19": {
      "precision": 0.125,
      "recall": 0.02666666666666667,
      "f1-score": 0.04395604395604396,
      "support": 75.0
    },
    "accuracy": 0.534,
    "macro avg": {
      "precision": 0.5415501530953954,
      "recall": 0.5238389033446202,
      "f1-score": 0.5077483026712015,
      "support": 2000.0
    },
    "weighted avg": {
      "precision": 0.5511509362979383,
      "recall": 0.534,
      "f1-score": 0.517219790395451,
      "support": 2000.0
    }
  },
  "confusion_matrix": [
    [
      38,
      1,
      0,
      1,
      1,
      1,
      0,
      1,
      3,
      0,
      1,
      1,
      1,
      0,
      5,
      15,
      6,
      12,
      2,
      5
    ],
    [
      1,
      40,
      1,
      13,
      8,
      23,
      0,
      4,
      0,
      0,
      0,
      6,
      2,
      2,
      2,
      1,
      1,
      0,
      0,
      0
    ],
    [
      0,
      6,
      44,
      18,
      4,
      23,
      1,
      1,
      0,
      0,
      1,
      3,
      0,
      1,
      1,
      2,
      0,
      0,
      0,
      0
    ],
    [
      0,
      1,
      7,
      57,
      18,
      8,
      0,
      1,
      0,
      0,
      0,
      1,
      3,
      1,
      0,
      2,
      0,
      0,
      0,
      0
    ],
    [
      0,
      2,
      0,
      28,
      58,
      2,
      2,
      1,
      0,
      0,
      0,
      0,
      4,
      0,
      0,
      4,
      0,
      0,
      0,
      0
    ],
    [
      0,
      2,
      2,
      6,
      4,
      85,
      0,
      0,
      0,
      1,
      0,
      1,
      1,
      0,
      0,
      1,
      0,
      0,
      0,
      0
    ],
    [
      1,
      4,
      2,
      34,
      25,
      1,
      17,
      4,
      6,
      2,
      2,
      1,
      2,
      0,
      1,
      6,
      4,
      1,
      0,
      0
    ],
    [
      0,
      1,
      0,
      7,
      2,
      1,
      0,
      63,
      5,
      0,
      1,
      1,
      1,
      2,
      0,
      6,
      1,
      0,
      2,
      0
    ],
    [
      3,
      1,
      1,
      2,
      2,
      1,
      0,
      9,
      66,
      2,
      1,
      0,
      0,
      2,
      0,
      5,
      6,
      0,
      1,
      0
    ],
    [
      0,
      0,
      0,
      2,
      0,
      0,
      0,
      2,
      1,
      75,
      5,
      0,
      0,
      1,
      1,
      5,
      0,
      1,
      0,
      1
    ],
    [
      0,
      0,
      0,
      0,
      0,
      0,
      0,
      0,
      0,
      4,
      99,
      0,
      1,
      1,
      0,
      2,
      4,
      1,
      0,
      0
    ],
    [
      1,
      1,
      1,
      5,
      8,
      0,
      1,
      0,
      1,
      0,
      0,
      49,
      2,
      1,
      0,
      1,
      18,
      2,
      2,
      1
    ],
    [
      2,
      4,
      0,
      23,
      19,
      6,
      6,
      10,
      3,
      2,
      1,
      7,
      18,
      0,
      1,
      3,
      2,
      1,
      1,
      0
    ],
    [
      4,
      6,
      3,
      1,
      4,
      1,
      2,
      0,
      0,
      1,
      1,
      5,
      1,
      66,
      1,
      7,
      2,
      1,
      0,
      3
    ],
    [
      4,
      3,
      1,
      11,
      3,
      4,
      1,
      3,
      0,
      0,
      2,
      0,
      7,
      2,
      59,
      4,
      7,
      0,
      2,
      0
    ],
    [
      15,
      1,
      0,
      0,
      0,
      0,
      1,
      0,
      0,
      0,
      0,
      1,
      1,
      1,
      0,
      88,
      0,
      1,
      1,
      3
    ],
    [
      5,
      0,
      1,
      0,
      2,
      1,
      0,
      1,
      2,
      1,
      0,
      0,
      0,
      1,
      1,
      10,
      60,
      13,
      3,
      0
    ],
    [
      3,
      0,
      2,
      0,
      1,
      0,
      0,
      0,
      0,
      1,
      0,
      0,
      0,
      0,
      1,
      7,
      4,
      73,
      3,
      0
    ],
    [
      2,
      1,
      1,
      0,
      0,
      0,
      0,
      0,
      0,
      0,
      0,
      1,
      0,
      11,
      2,
      3,
      29,
      9,
      11,
      1
    ],
    [
      18,
      0,
      1,
      0,
      0,
      1,
      1,
      0,
      1,
      0,
      0,
      0,
      1,
      3,
      1,
      30,
      9,
      6,
      1,
      2
    ]
  ],
  "mean_confidence": 0.23531968395342118,
  "std_confidence": 0.10230108298138701,
  "mean_confidence_correct": 0.26211977533800773,
  "mean_confidence_incorrect": 0.20460884962001089,
  "experiment_name": "SetFit_20_newsgroups_all-mpnet-base-v2_l2",
  "dataset": "SetFit/20_newsgroups",
  "label_mode": "l2",
  "pipeline_mode": "biencoder",
  "num_samples": 2000,
  "random_seed": 42,
  "biencoder": "sentence-transformers/all-mpnet-base-v2",