{
  "accuracy": 0.4765,
  "macro_f1": 0.4620657717262199,
  "weighted_f1": 0.47159869118357517,
  "macro_precision": 0.5361658604781989,
  "macro_recall": 0.46870422963147085,
  "classification_report": {
    "0": {
      "precision": 0.21194029850746268,
      "recall": 0.7553191489361702,
      "f1-score": 0.331002331002331,
      "support": 94.0
    },
    "1": {
      "precision": 0.44805194805194803,
      "recall": 0.6634615384615384,
      "f1-score": 0.5348837209302325,
      "support": 104.0
    },
    "2": {
      "precision": 0.4,
      "recall": 0.01904761904761905,
      "f1-score": 0.03636363636363636,
      "support": 105.0
    },
    "3": {
      "precision": 0.5384615384615384,
      "recall": 0.2828282828282828,
      "f1-score": 0.3708609271523179,
      "support": 99.0
    },
    "4": {
      "precision": 0.5609756097560976,
      "recall": 0.45544554455445546,
      "f1-score": 0.5027322404371585,
      "support": 101.0
    },
    "5": {
      "precision": 0.4125,
      "recall": 0.6407766990291263,
      "f1-score": 0.5019011406844106,
      "support": 103.0
    },
    "6": {
      "precision": 0.4371584699453552,
      "recall": 0.7079646017699115,
      "f1-score": 0.5405405405405406,
      "support": 113.0
    },
    "7": {
      "precision": 0.6666666666666666,
      "recall": 0.3225806451612903,
      "f1-score": 0.43478260869565216,
      "support": 93.0
    },
    "8": {
      "precision": 0.48226950354609927,
      "recall": 0.6666666666666666,
      "f1-score": 0.5596707818930041,
      "support": 102.0
    },
    "9": {
      "precision": 0.8555555555555555,
      "recall": 0.8191489361702128,
      "f1-score": 0.8369565217391305,
      "support": 94.0
    },
    "10": {
      "precision": 0.9038461538461539,
      "recall": 0.8392857142857143,
      "f1-score": 0.8703703703703703,
      "support": 112.0
    },
    "11": {
      "precision": 0.6896551724137931,
      "recall": 0.6382978723404256,
      "f1-score": 0.6629834254143646,
      "support": 94.0
    },
    "12": {
      "precision": 0.5853658536585366,
      "recall": 0.22018348623853212,
      "f1-score": 0.32,
      "support": 109.0
    },
    "13": {
      "precision": 0.38461538461538464,
      "recall": 0.3211009174311927,
      "f1-score": 0.35,
      "support": 109.0
    },
    "14": {
      "precision": 0.8734177215189873,
      "recall": 0.6106194690265486,
      "f1-score": 0.71875,
      "support": 113.0
    },
    "15": {
      "precision": 0.6111111111111112,
      "recall": 0.3893805309734513,
      "f1-score": 0.4756756756756757,
      "support": 113.0
    },
    "16": {
      "precision": 0.6086956521739131,
      "recall": 0.27722772277227725,
      "f1-score": 0.38095238095238093,
      "support": 101.0
    },
    "17": {
      "precision": 0.7391304347826086,
      "recall": 0.35789473684210527,
      "f1-score": 0.48226950354609927,
      "support": 95.0
    },
    "18": {
      "precision": 0.13846153846153847,
      "recall": 0.2535211267605634,
      "f1-score": 0.1791044776119403,
      "support": 71.0
    },
    "19": {
      "precision": 0.17543859649122806,
      "recall": 0.13333333333333333,
      "f1-score": 0.15151515151515152,
      "support": 75.0
    },
    "accuracy": 0.4765,
    "macro avg": {
      "precision": 0.5361658604781989,
      "recall": 0.46870422963147085,
      "f1-score": 0.4620657717262199,
      "support": 2000.0
    },
    "weighted avg": {
      "precision": 0.5481042614380801,
      "recall": 0.4765,
      "f1-score": 0.47159869118357517,
      "support": 2000.0
    }
  },
  "confusion_matrix": [
    [
      71,
      0,
      0,
      0,
      0,
      0,
      1,
      0,
      0,
      0,
      1,
      2,
      0,
      2,
      2,
      1,
      2,
      2,
      5,
      5
    ],
    [
      6,
      69,
      0,
      5,
      1,
      3,
      3,
      1,
      2,
      0,
      0,
      5,
      3,
      1,
      3,
      0,
      0,
      0,
      2,
      0
    ],
    [
      2,
      20,
      2,
      5,
      3,
      62,
      3,
      1,
      1,
      0,
      1,
      0,
      0,
      3,
      0,
      0,
      0,
      0,
      2,
      0
    ],
    [
      2,
      9,
      2,
      28,
      20,
      20,
      9,
      1,
      1,
      0,
      0,
      0,
      2,
      2,
      1,
      0,
      0,
      0,
      2,
      0
    ],
    [
      1,
      10,
      0,
      6,
      46,
      4,
      14,
      2,
      2,
      0,
      0,
      1,
      8,
      3,
      0,
      0,
      0,
      0,
      3,
      1
    ],
    [
      0,
      24,
      1,
      0,
      4,
      66,
      5,
      0,
      0,
      0,
      0,
      0,
      0,
      1,
      0,
      0,
      0,
      0,
      1,
      1
    ],
    [
      1,
      2,
      0,
      7,
      5,
      1,
      80,
      1,
      6,
      1,
      1,
      1,
      1,
      4,
      0,
      0,
      0,
      0,
      1,
      1
    ],
    [
      4,
      0,
      0,
      0,
      0,
      0,
      5,
      30,
      41,
      1,
      1,
      2,
      0,
      6,
      0,
      0,
      0,
      1,
      1,
      1
    ],
    [
      4,
      0,
      0,
      0,
      0,
      0,
      6,
      4,
      68,
      1,
      0,
      0,
      0,
      4,
      0,
      0,
      1,
      0,
      10,
      4
    ],
    [
      3,
      0,
      0,
      0,
      0,
      0,
      4,
      0,
      0,
      77,
      1,
      0,
      0,
      4,
      0,
      0,
      0,
      1,
      3,
      1
    ],
    [
      4,
      0,
      0,
      0,
      0,
      0,
      2,
      0,
      0,
      8,
      94,
      0,
      0,
      2,
      0,
      0,
      0,
      0,
      2,
      0
    ],
    [
      6,
      1,
      0,
      0,
      0,
      0,
      6,
      0,
      0,
      0,
      0,
      60,
      2,
      1,
      0,
      0,
      2,
      0,
      16,
      0
    ],
    [
      2,
      15,
      0,
      1,
      3,
      4,
      13,
      5,
      13,
      0,
      1,
      9,
      24,
      3,
      1,
      1,
      1,
      0,
      12,
      1
    ],
    [
      25,
      1,
      0,
      0,
      0,
      0,
      25,
      0,
      0,
      0,
      4,
      4,
      1,
      35,
      3,
      2,
      0,
      0,
      4,
      5
    ],
    [
      17,
      3,
      0,
      0,
      0,
      0,
      0,
      0,
      3,
      1,
      0,
      2,
      0,
      4,
      69,
      1,
      0,
      1,
      11,
      1
    ],
    [
      49,
      0,
      0,
      0,
      0,
      0,
      2,
      0,
      0,
      0,
      0,
      0,
      0,
      1,
      0,
      44,
      0,
      0,
      2,
      15
    ],
    [
      28,
      0,
      0,
      0,
      0,
      0,
      2,
      0,
      4,
      0,
      0,
      1,
      0,
      6,
      0,
      1,
      28,
      3,
      25,
      3
    ],
    [
      39,
      0,
      0,
      0,
      0,
      0,
      1,
      0,
      0,
      1,
      0,
      0,
      0,
      4,
      0,
      3,
      1,
      34,
      8,
      4
    ],
    [
      38,
      0,
      0,
      0,
      0,
      0,
      0,
      0,
      0,
      0,
      0,
      0,
      0,
      2,
      0,
      0,
      6,
      3,
      18,
      4
    ],
    [
      33,
      0,
      0,
      0,
      0,
      0,
      2,
      0,
      0,
      0,
      0,
      0,
      0,
      3,
      0,
      19,
      5,
      1,
      2,
      10
    ]
  ],
  "mean_confidence": 0.6259435945302247,
  "std_confidence": 0.05518265427008859,
  "mean_confidence_correct": 0.637719261339804,
  "mean_confidence_incorrect": 0.6152251509108083,
  "experiment_name": "SetFit_20_newsgroups_bge-small-en-v1.5_l1",
  "dataset": "SetFit/20_newsgroups",
  "label_mode": "name_only",
  "pipeline_mode": "biencoder",
  "num_samples": 2000,
  "random_seed": 42,
  "biencoder": "BAAI/bge-small-en-v1.5",
  "top_errors": [
    {
      "text": "alt.religion.spam?\n",