model,samples,accuracy,macro_f1
intfloat/multilingual-e5-large,7600,84.40789473684211,84.27268884051443
sentence-transformers/all-mpnet-base-v2,7600,81.67105263157895,81.43655974116213
jinaai/jina-embeddings-v5-text-nano,7600,80.27631578947368,79.80407707234522
Qwen/Qwen3-Embedding-8B,7600,78.46052631578947,78.17002605695711
BAAI/bge-m3,7600,78.30263157894737,77.76077668538244
