{
  "accuracy": 0.777,
  "macro_f1": 0.7708114812664479,
  "weighted_f1": 0.7710635546143997,
  "macro_precision": 0.7844093437648597,
  "macro_recall": 0.7781966885567072,
  "classification_report": {
    "0": {
      "precision": 0.8708133971291866,
      "recall": 0.6842105263157895,
      "f1-score": 0.7663157894736842,
      "support": 266.0
    },
    "1": {
      "precision": 0.7608695652173914,
      "recall": 0.9959349593495935,
      "f1-score": 0.8626760563380281,
      "support": 246.0
    },
    "2": {
      "precision": 0.7198581560283688,
      "recall": 0.8252032520325203,
      "f1-score": 0.7689393939393939,
      "support": 246.0
    },
    "3": {
      "precision": 0.786096256684492,
      "recall": 0.6074380165289256,
      "f1-score": 0.6853146853146853,
      "support": 242.0
    },
    "accuracy": 0.777,
    "macro avg": {
      "precision": 0.7844093437648597,
      "recall": 0.7781966885567072,
      "f1-score": 0.7708114812664479,
      "support": 1000.0
    },
    "weighted avg": {
      "precision": 0.7861306771804677,
      "recall": 0.777,
      "f1-score": 0.7710635546143997,
      "support": 1000.0
    }
  },
  "confusion_matrix": [
    [
      182,
      42,
      27,
      15
    ],
    [
      1,
      245,
      0,
      0
    ],
    [
      5,
      13,
      203,
      25
    ],
    [
      21,
      22,
      52,
      147
    ]
  ],
  "mean_confidence": 0.4524791814386845,
  "std_confidence": 0.04850866117381432,
  "mean_confidence_correct": 0.45431318265437465,
  "mean_confidence_incorrect": 0.44608896195621234,
  "experiment_name": "ag_news_bge_multi_description",
  "dataset": "ag_news",
  "label_mode": "multi_description",
  "pipeline_mode": "biencoder",
  "num_samples": 1000,
  "random_seed": 42,
  "biencoder": "BAAI/bge-m3",
  "top_errors": [
    {
      "text": "Google #39;s New PC Search Tool Poses Risks NEW YORK Oct. 18, 2004 - People who use public or workplace computers for e-mail, instant messaging and Web searching have a new privacy risk to worry about",
      "true_label": 2,
      "pred_label": 3,
      "confidence": 0.6103580594062805
    },
    {
      "text": "Lackluster Jobs Report Pushes Stocks Down NEW YORK - Investors pushed stocks lower Friday as a surprisingly lackluster job creation report deepened Wall Street's pessimism over the health of the econo",
      "true_label": 0,
      "pred_label": 2,
      "confidence": 0.5712229013442993
    },
    {
      "text": "Soldiers' War Blogs Detail Life in Iraq Iraq war blogs are as varied as the soldiers who write them. Some sites feature practical news, war pictures and advice. Some are overtly political, with more s",
      "true_label": 3,
      "pred_label": 0,
      "confidence": 0.5624918341636658
    },
    {
      "text": "Oracle Overhauls Sales-Side Apps for CRM Suite (NewsFactor) NewsFactor - Oracle (Nasdaq: ORCL) has revamped its sales-side CRM applications in version 11i.10 of its sales, marketing, partner relations",
      "true_label": 3,
      "pred_label": 2,
      "confidence": 0.5543266534805298
    },
    {
      "text": "Movies in a snap: Netflix and TiVo discuss downloads Bee Staff Writer. The high-tech ground is shifting underfoot again, amid rumblings of a new Silicon Valley alliance that would let owners of TiVo I",
      "true_label": 2,
      "pred_label": 3,
      "confidence": 0.5444167852401733
    },
    {
      "text": "IBM to report on computer security threats IBM on Monday plans to begin releasing a monthly report of threats to computer networks in an effort to establish an indicator similar to the US government #",
      "true_label": 3,
      "pred_label": 2,
      "confidence": 0.543009340763092
    },
    {
      "text": "2004 Signals More Global Warming, Extreme Weather: UN (Reuters) Reuters - Global warming is set to continue, and\\bring with it an increase in extreme weather such as hurricanes\\and droughts, scientist",
      "true_label": 3,
      "pred_label": 0,
      "confidence": 0.5384802222251892
    },
    {
      "text": "ObjectWeb adds portal content management middleware Using open-source modules instead of commercial alternatives -- even standards-based ones -- could save businesses money.",
      "true_label": 3,
      "pred_label": 2,
      "confidence": 0.5382026433944702
    },
    {
      "text": "US consumers unaware of spyware The findings come in a report from the newly formed Consumer Spyware Initiative, a joint effort by Dell and the non-profit Internet Education Foundation that aims to in",
      "true_label": 2,
      "pred_label": 3,
      "confidence": 0.5341681241989136
    },
    {
      "text": "Crooks slither into Net's shady nooks and crannies (USATODAY.com) USATODAY.com - Organized crime rings and petty thieves are flocking to the Internet like start-ups in the go-go '90s, establishing a m",
      "true_label": 3,
      "pred_label": 2,
      "confidence": 0.5304262638092041
    },
    {
      "text": "Training is the Key to Defibrillator Success By DANIEL YEE     ALPHARETTA, Ga. (AP) -- Because defibrillators are more affordable than ever, they are quickly becoming commonplace in schools, businesse",
      "true_label": 3,
      "pred_label": 1,
      "confidence": 0.5300264358520508
    },
    {
      "text": "SBC Gives Microsoft \\$400 Mln Internet TV Deal  WASHINGTON (Reuters) - SBC Communications &lt;A HREF=\"http://www.reuters.co.uk/financeQuoteLookup.jhtml?ticker=SBC.N qtype=sym infotype=info qcat=news\"&",
      "true_label": 3,
      "pred_label": 2,
      "confidence": 0.5296897292137146
    },
    {
      "text": "Wonkette: Blogs force quick action from major media Plus: Row brewing over peer-to-peer ads. News.com Extra",
      "true_label": 3,
      "pred_label": 2,
      "confidence": 0.5289511680603027
    },
    {
      "text": "IT Heavies Launch  quot;MegaGrid quot; Project SAN FRANCISCO -- Four mainstream IT companies are pooling resources to launch a standardized enterprise grid infrastructure based on their products.",
      "true_label": 3,
      "pred_label": 2,
      "confidence": 0.5222142338752747
    },
    {
      "text": "September Retail Sales Up by 1.5 Percent WASHINGTON - Shoppers got their buying groove back last month, propelling sales at the nation's retailers by a strong 1.5 percent. It was the best showing sinc",
      "true_label": 0,
      "pred_label": 2,
      "confidence": 0.5186823010444641
    },
    {
      "text": "Stocks Climb on Drop in Consumer Prices NEW YORK - Stocks rose for a second straight session Tuesday as a drop in consumer prices allowed investors to put aside worries about inflation, at least for t",
      "true_label": 0,
      "pred_label": 2,
      "confidence": 0.5168301463127136
    },
    {
      "text": "Lockheed Profit Jumps on IT, Jet Demand &lt;p&gt;\\&lt;/p&gt;&lt;p&gt; NEW YORK (Reuters) - No. 1 U.S. defense contractor Lockheed\\Martin Corp. &lt;LMT.N&gt; reported a 41 percent rise in quarterly\\pro",
      "true_label": 3,
      "pred_label": 2,
      "confidence": 0.5142341256141663
    },
    {
      "text": "Monster Mashes Attract Masses Kaiju Big Battel -- a multimedia event in which costumed combatants spew toxic ooze on audience members -- is growing in popularity. There are already dedicated websites ",
      "true_label": 3,
      "pred_label": 1,
      "confidence": 0.5132293701171875
    },
    {
      "text": "Ken Caminiti, 1996 NL MVP, Dies at Age 41 NEW YORK - Ken Caminiti, the 1996 National League MVP who later admitted using steroids during his major league career, died Sunday. He was 41...",
      "true_label": 0,
      "pred_label": 1,
      "confidence": 0.511156439781189
    },
    {
      "text": "Travelocity Says Speed Is the Ticket For Growth Sam Gilliand, the chief executive of Travelocity, talks about the online travel industry, the Cendant-Orbitz merger and the woes of the airline industry",
      "true_label": 3,
      "pred_label": 2,