{
  "accuracy": 0.719,
  "macro_f1": 0.6983005766001695,
  "weighted_f1": 0.6993608052397117,
  "macro_precision": 0.7541925385264787,
  "macro_recall": 0.7183741832913265,
  "classification_report": {
    "0": {
      "precision": 0.7458333333333333,
      "recall": 0.6729323308270677,
      "f1-score": 0.7075098814229249,
      "support": 266.0
    },
    "1": {
      "precision": 0.8483754512635379,
      "recall": 0.9552845528455285,
      "f1-score": 0.8986615678776291,
      "support": 246.0
    },
    "2": {
      "precision": 0.5788113695090439,
      "recall": 0.9105691056910569,
      "f1-score": 0.707740916271722,
      "support": 246.0
    },
    "3": {
      "precision": 0.84375,
      "recall": 0.3347107438016529,
      "f1-score": 0.47928994082840237,
      "support": 242.0
    },
    "accuracy": 0.719,
    "macro avg": {
      "precision": 0.7541925385264787,
      "recall": 0.7183741832913265,
      "f1-score": 0.6983005766001695,
      "support": 1000.0
    },
    "weighted avg": {
      "precision": 0.7536671245767218,
      "recall": 0.719,
      "f1-score": 0.6993608052397117,
      "support": 1000.0
    }
  },
  "confusion_matrix": [
    [
      179,
      26,
      55,
      6
    ],
    [
      6,
      235,
      5,
      0
    ],
    [
      7,
      6,
      224,
      9
    ],
    [
      48,
      10,
      103,
      81
    ]
  ],
  "mean_confidence": 0.42721792244911194,
  "std_confidence": 0.044833119737106276,
  "mean_confidence_correct": 0.43014747899165573,
  "mean_confidence_incorrect": 0.4197220108687241,
  "experiment_name": "pilot_ag_news_bge_name_only",
  "dataset": "ag_news",
  "label_mode": "name_only",
  "pipeline_mode": "biencoder",
  "num_samples": 1000,
  "random_seed": 42,
  "biencoder": "BAAI/bge-m3",
  "top_errors": [
    {
      "text": "Ken Caminiti, 1996 NL MVP, Dies at Age 41 NEW YORK - Ken Caminiti, the 1996 National League MVP who later admitted using steroids during his major league career, died Sunday. He was 41...",
      "true_label": 0,
      "pred_label": 1,
      "confidence": 0.5327584743499756
    },
    {
      "text": "Oracle Overhauls Sales-Side Apps for CRM Suite (NewsFactor) NewsFactor - Oracle (Nasdaq: ORCL) has revamped its sales-side CRM applications in version 11i.10 of its sales, marketing, partner relations",
      "true_label": 3,
      "pred_label": 2,
      "confidence": 0.5197216272354126
    },
    {
      "text": "SBC Gives Microsoft \\$400 Mln Internet TV Deal  WASHINGTON (Reuters) - SBC Communications &lt;A HREF=\"http://www.reuters.co.uk/financeQuoteLookup.jhtml?ticker=SBC.N qtype=sym infotype=info qcat=news\"&",
      "true_label": 3,
      "pred_label": 2,
      "confidence": 0.5076788067817688
    },
    {
      "text": "Half.com to continue at full speed This fourth priority #39;s main focus has been improving or obtaining CRM and ERP software for the past year and a half. Online auction giant eBay won #39;t be closi",
      "true_label": 3,
      "pred_label": 2,
      "confidence": 0.5053339600563049
    },
    {
      "text": "Storage Networking World Highlights News and survey results from Computerworld's twice-annual storage conference.",
      "true_label": 3,
      "pred_label": 0,
      "confidence": 0.504698634147644
    },
    {
      "text": "BLOG That #39;s the most look-ed up world on Merriam-Webster #39;s &lt;b&gt;...&lt;/b&gt; A FOUR-LETTER term that came to symbolise the difference between old and new media tops US dictionary publishe",
      "true_label": 3,
      "pred_label": 0,
      "confidence": 0.5036170482635498
    },
    {
      "text": "ObjectWeb adds portal content management middleware Using open-source modules instead of commercial alternatives -- even standards-based ones -- could save businesses money.",
      "true_label": 3,
      "pred_label": 2,
      "confidence": 0.5024228096008301
    },
    {
      "text": "2004 Signals More Global Warming, Extreme Weather: UN (Reuters) Reuters - Global warming is set to continue, and\\bring with it an increase in extreme weather such as hurricanes\\and droughts, scientist",
      "true_label": 3,
      "pred_label": 0,
      "confidence": 0.5023171305656433
    },
    {
      "text": "US edge out Brazil for gold The United States beat Brazil 2-1 in extra time to win the women's Olympic football tournament.",
      "true_label": 0,
      "pred_label": 1,
      "confidence": 0.4996092915534973
    },
    {
      "text": "Google #39;s New PC Search Tool Poses Risks NEW YORK Oct. 18, 2004 - People who use public or workplace computers for e-mail, instant messaging and Web searching have a new privacy risk to worry about",
      "true_label": 2,
      "pred_label": 3,
      "confidence": 0.49665337800979614
    },
    {
      "text": "Boeing, IBM Strategic Alliance Boosts Net-Centric Technology From the 1950 #39;s until the present, one of the dominant companies in the world #39;s computer industry. Offers a variety of data process",
      "true_label": 3,
      "pred_label": 2,
      "confidence": 0.49506473541259766
    },
    {
      "text": "Travelocity Says Speed Is the Ticket For Growth Sam Gilliand, the chief executive of Travelocity, talks about the online travel industry, the Cendant-Orbitz merger and the woes of the airline industry",
      "true_label": 3,
      "pred_label": 2,
      "confidence": 0.49129819869995117
    },
    {
      "text": "Yahoo! Tunes In to Musicmatch Close watchers of the online music business no doubt noted yesterday #39;s announcement of Yahoo! #39;s (Nasdaq: YHOO) purchase of Musicmatch with interest.",
      "true_label": 3,
      "pred_label": 2,
      "confidence": 0.49112361669540405
    },
    {
      "text": "September Retail Sales Up by 1.5 Percent WASHINGTON - Shoppers got their buying groove back last month, propelling sales at the nation's retailers by a strong 1.5 percent. It was the best showing sinc",
      "true_label": 0,
      "pred_label": 2,
      "confidence": 0.4893885850906372
    },
    {
      "text": "Fujitsu Siemens profit grows 60 percent Fujitsu Siemens Computers (Holding) BV, Europe #39;s largest remaining computer manufacturer, posted a 60 percent leap in profit for the first half of its fisca",
      "true_label": 3,
      "pred_label": 2,
      "confidence": 0.48917263746261597
    },
    {
      "text": "Rivals Try to Turn Tables on Charles Schwab By MICHAEL LIEDTKE     SAN FRANCISCO (AP) -- With its low prices and iconoclastic attitude, discount stock broker Charles Schwab Corp. (SCH) represented an ",
      "true_label": 3,
      "pred_label": 2,
      "confidence": 0.48881036043167114
    },
    {
      "text": "Major teams bounce back in World Cup soccer qualifiers LONDON: After a mixed bag of results in the weekend #39;s soccer qualifiers, Europe #39;s major countries asserted their authority this morning w",
      "true_label": 1,
      "pred_label": 0,
      "confidence": 0.4881953001022339
    },
    {
      "text": "Top exec shares business lessons Jeff Raikes was working at Apple Computer in the early 1980s when a guy named Steve Ballmer called and asked him to interview for a product-management job at a small s",
      "true_label": 3,
      "pred_label": 2,
      "confidence": 0.48776042461395264
    },
    {
      "text": "Tracking Service Aims to Ease Product Returns (Ziff Davis) Ziff Davis - A Texas company tries to take a little bit of the sting out of the biggest online retail nightmare: returns.",
      "true_label": 3,
      "pred_label": 2,
      "confidence": 0.48763054609298706
    },
    {
      "text": "Skyboxes May Reach A Limit Verizon Communications Inc. would seem to be a prime candidate to snap up a luxury suite at the \\$440 million ballpark being planned for Washington's Major League Baseball t",
      "true_label": 2,
      "pred_label": 1,
      "confidence": 0.4865262508392334
    }
  ]
}