{
  "accuracy": 0.75,
  "macro_f1": 0.7340526939394787,
  "weighted_f1": 0.735596621853776,
  "macro_precision": 0.770832784012641,
  "macro_recall": 0.7476682787395823,
  "classification_report": {
    "0": {
      "precision": 0.7508896797153025,
      "recall": 0.793233082706767,
      "f1-score": 0.7714808043875686,
      "support": 266.0
    },
    "1": {
      "precision": 0.8791208791208791,
      "recall": 0.975609756097561,
      "f1-score": 0.9248554913294798,
      "support": 246.0
    },
    "2": {
      "precision": 0.6126126126126126,
      "recall": 0.8292682926829268,
      "f1-score": 0.7046632124352331,
      "support": 246.0
    },
    "3": {
      "precision": 0.8407079646017699,
      "recall": 0.3925619834710744,
      "f1-score": 0.5352112676056338,
      "support": 242.0
    },
    "accuracy": 0.75,
    "macro avg": {
      "precision": 0.770832784012641,
      "recall": 0.7476682787395823,
      "f1-score": 0.7340526939394787,
      "support": 1000.0
    },
    "weighted avg": {
      "precision": 0.7701544212043377,
      "recall": 0.75,
      "f1-score": 0.735596621853776,
      "support": 1000.0
    }
  },
  "confusion_matrix": [
    [
      211,
      20,
      26,
      9
    ],
    [
      5,
      240,
      1,
      0
    ],
    [
      28,
      5,
      204,
      9
    ],
    [
      37,
      8,
      102,
      95
    ]
  ],
  "mean_confidence": 0.8841212372779846,
  "std_confidence": 0.014367610937954004,
  "mean_confidence_correct": 0.8837824840545654,
  "mean_confidence_incorrect": 0.8851374969482422,
  "experiment_name": "ag_news_instructor_l1_test",
  "dataset": "ag_news",
  "label_mode": "name_only",
  "pipeline_mode": "biencoder",
  "num_samples": 1000,
  "random_seed": 42,
  "biencoder": "hkunlp/instructor-base",
  "top_errors": [
    {
      "text": "Wonkette: Blogs force quick action from major media Plus: Row brewing over peer-to-peer ads. News.com Extra",
      "true_label": 3,
      "pred_label": 2,
      "confidence": 0.9212342500686646
    },
    {
      "text": "Internet Pharmacies: Good or Bad? An investigation into the practice of Internet Pharmacies and how they are changing the U.S. pharmaceutical industry.",
      "true_label": 3,
      "pred_label": 2,
      "confidence": 0.917282223701477
    },
    {
      "text": "Tracking Service Aims to Ease Product Returns (Ziff Davis) Ziff Davis - A Texas company tries to take a little bit of the sting out of the biggest online retail nightmare: returns.",
      "true_label": 3,
      "pred_label": 2,
      "confidence": 0.9170964956283569
    },
    {
      "text": "Storage Networking World Highlights News and survey results from Computerworld's twice-annual storage conference.",
      "true_label": 3,
      "pred_label": 0,
      "confidence": 0.9160824418067932
    },
    {
      "text": "For Neglected Video, a Hollywood Touch A growing cottage industry is taking customers' raw home video and putting it on DVD, in some cases producing short movies with sophisticated cinematic effects a",
      "true_label": 3,
      "pred_label": 2,
      "confidence": 0.9142041802406311
    },
    {
      "text": "BLOG That #39;s the most look-ed up world on Merriam-Webster #39;s &lt;b&gt;...&lt;/b&gt; A FOUR-LETTER term that came to symbolise the difference between old and new media tops US dictionary publishe",
      "true_label": 3,
      "pred_label": 0,
      "confidence": 0.9134111404418945
    },
    {
      "text": "Stand Aside, Rudolph: The Mouse Will Lead A list of some of the best holiday gifts, based on taste, appearance or utility, available on the Web.",
      "true_label": 3,
      "pred_label": 0,
      "confidence": 0.912192702293396
    },
    {
      "text": "IBM Aims New DB2 at Rivals IBM (Quote, Chart) announced its first major database refresh in almost two years with new features from the company #39;s autonomic computing vault.",
      "true_label": 3,
      "pred_label": 2,
      "confidence": 0.911141574382782
    },
    {
      "text": "Germany, Brazil draw Germany and Brazil fought out a 1-1 friendly international draw in their first meeting since the 2002 World Cup final. The visitors opened the scoring on nine minutes thanks to a ",
      "true_label": 1,
      "pred_label": 0,
      "confidence": 0.9108245372772217
    },
    {
      "text": "Hasbro's No Conehead Its Saturday Night Live version of \"Trivial Pursuit\" is good strategy for staying ahead of age compression.",
      "true_label": 2,
      "pred_label": 1,
      "confidence": 0.9104013442993164
    },
    {
      "text": "Apple to give its stores a Mini Me look The Mac maker has big plans to expand its network of retail outlets by creating small versions of its stores.",
      "true_label": 3,
      "pred_label": 2,
      "confidence": 0.9099477529525757
    },
    {
      "text": "Half.com to continue at full speed This fourth priority #39;s main focus has been improving or obtaining CRM and ERP software for the past year and a half. Online auction giant eBay won #39;t be closi",
      "true_label": 3,
      "pred_label": 2,
      "confidence": 0.9094702005386353
    },
    {
      "text": "US edge out Brazil for gold The United States beat Brazil 2-1 in extra time to win the women's Olympic football tournament.",
      "true_label": 0,
      "pred_label": 1,
      "confidence": 0.9093317985534668
    },
    {
      "text": "ObjectWeb adds portal content management middleware Using open-source modules instead of commercial alternatives -- even standards-based ones -- could save businesses money.",
      "true_label": 3,
      "pred_label": 2,
      "confidence": 0.9088119268417358
    },
    {
      "text": "SCO Postpones Legal Web Site (NewsFactor) NewsFactor - The SCO Group is delaying the launch of a Web site focusing on the details of ongoing litigation concerning the company's intellectual property.",
      "true_label": 3,
      "pred_label": 2,
      "confidence": 0.9081233739852905
    },
    {
      "text": "Sparkling Singh targets Woods again If there is no rest for the wicked, then there is none either for the tormented, as represented by those members of the US Tour who are not Vijay Singh.",
      "true_label": 1,
      "pred_label": 0,
      "confidence": 0.907911479473114
    },
    {
      "text": "You have mail, always, with a BlackBerry Washington lawyer William Wilhelm knows from experience that not everybody loves his BlackBerry as much as he does. The girlfriend was fed up with a relationsh",
      "true_label": 3,
      "pred_label": 2,
      "confidence": 0.907733678817749
    },
    {
      "text": "'Cities in crisis' leaders warn World leaders warn that rapid urbanisation will become one of the biggest challenges of the 21st Century.",
      "true_label": 3,
      "pred_label": 0,
      "confidence": 0.9075585007667542
    },
    {
      "text": "Oracle launches Business Integlligence 10g Oracle introduced a new BI platform yesterday, Business Intelligence 10g that rolls up into one solution all of their BI tools. However, more interesting tha",
      "true_label": 3,
      "pred_label": 2,
      "confidence": 0.9073294997215271
    },
    {
      "text": "Calif. Mental Health Services May Expand (AP) AP - As pressures increase on California's mental health system, its workers and advocates say they are forced to do more with a supply of money that seem",
      "true_label": 0,
      "pred_label": 2,
      "confidence": 0.906613826751709
    }
  ]
}