{
  "accuracy": 0.766,
  "macro_f1": 0.7550343426491315,
  "weighted_f1": 0.7567863969280942,
  "macro_precision": 0.7769476670216765,
  "macro_recall": 0.7644600313523174,
  "classification_report": {
    "0": {
      "precision": 0.8387096774193549,
      "recall": 0.7819548872180451,
      "f1-score": 0.8093385214007782,
      "support": 266.0
    },
    "1": {
      "precision": 0.8456140350877193,
      "recall": 0.9796747967479674,
      "f1-score": 0.9077212806026366,
      "support": 246.0
    },
    "2": {
      "precision": 0.6276923076923077,
      "recall": 0.8292682926829268,
      "f1-score": 0.7145359019264448,
      "support": 246.0
    },
    "3": {
      "precision": 0.795774647887324,
      "recall": 0.4669421487603306,
      "f1-score": 0.5885416666666666,
      "support": 242.0
    },
    "accuracy": 0.766,
    "macro avg": {
      "precision": 0.7769476670216765,
      "recall": 0.7644600313523174,
      "f1-score": 0.7550343426491315,
      "support": 1000.0
    },
    "weighted avg": {
      "precision": 0.7781075993061674,
      "recall": 0.766,
      "f1-score": 0.7567863969280942,
      "support": 1000.0
    }
  },
  "confusion_matrix": [
    [
      208,
      21,
      22,
      15
    ],
    [
      2,
      241,
      2,
      1
    ],
    [
      18,
      11,
      204,
      13
    ],
    [
      20,
      12,
      97,
      113
    ]
  ],
  "mean_confidence": 0.8750672895312309,
  "std_confidence": 0.015408781704383057,
  "mean_confidence_correct": 0.8753687305954667,
  "mean_confidence_incorrect": 0.8740805209192455,
  "experiment_name": "ag_news_instructor_v5_l3_test",
  "dataset": "ag_news",
  "label_mode": "l3",
  "pipeline_mode": "biencoder",
  "num_samples": 1000,
  "random_seed": 42,
  "biencoder": "hkunlp/instructor-base",
  "top_errors": [
    {
      "text": "Amazon.com net sales jump 29; Google reports \\$52M in net income OCTOBER 22, 2004 (IDG NEWS SERVICE) - Amazon.com Inc. fell a penny short of analysts #39; per-share earnings expectations, while report",
      "true_label": 3,
      "pred_label": 2,
      "confidence": 0.9112313985824585
    },
    {
      "text": "Wonkette: Blogs force quick action from major media Plus: Row brewing over peer-to-peer ads. News.com Extra",
      "true_label": 3,
      "pred_label": 2,
      "confidence": 0.9093979597091675
    },
    {
      "text": "AOL drops Microsoft antispam technology com September 16, 2004, 1:15 PM PT. This fourth priority #39;s main focus has been improving or obtaining CRM and ERP software for the past year and a half.",
      "true_label": 3,
      "pred_label": 2,
      "confidence": 0.906349241733551
    },
    {
      "text": "BLOG That #39;s the most look-ed up world on Merriam-Webster #39;s &lt;b&gt;...&lt;/b&gt; A FOUR-LETTER term that came to symbolise the difference between old and new media tops US dictionary publishe",
      "true_label": 3,
      "pred_label": 1,
      "confidence": 0.905582070350647
    },
    {
      "text": "Internet Ad Revenues Jump 40 Percent Internet advertising revenues jumped 40 percent in the first half of this year, driven largely by the growing popularity of keyword ads tied to search results.",
      "true_label": 3,
      "pred_label": 2,
      "confidence": 0.9052514433860779
    },
    {
      "text": "Ask Jeeves revamps search engine Ask Jeeves Inc. has made three significant enhancements to its search engine, as the Emeryville, California company continues to take aim at its much larger competitor",
      "true_label": 3,
      "pred_label": 2,
      "confidence": 0.9048042893409729
    },
    {
      "text": "Lackluster Jobs Report Pushes Stocks Down NEW YORK - Investors pushed stocks lower Friday as a surprisingly lackluster job creation report deepened Wall Street's pessimism over the health of the econo",
      "true_label": 0,
      "pred_label": 2,
      "confidence": 0.904761791229248
    },
    {
      "text": "Google Enhances Discussion Groups Google is improving on the discussions its popular Web site hosts, hoping the upgrades will spur more online banter and make its market-leading search engine a richer",
      "true_label": 3,
      "pred_label": 2,
      "confidence": 0.9046761393547058
    },
    {
      "text": "Crooks slither into Net's shady nooks and crannies (USATODAY.com) USATODAY.com - Organized crime rings and petty thieves are flocking to the Internet like start-ups in the go-go '90s, establishing a m",
      "true_label": 3,
      "pred_label": 2,
      "confidence": 0.9016461372375488
    },
    {
      "text": "Calif. Mental Health Services May Expand (AP) AP - As pressures increase on California's mental health system, its workers and advocates say they are forced to do more with a supply of money that seem",
      "true_label": 0,
      "pred_label": 2,
      "confidence": 0.9016032218933105
    },
    {
      "text": "US edge out Brazil for gold The United States beat Brazil 2-1 in extra time to win the women's Olympic football tournament.",
      "true_label": 0,
      "pred_label": 1,
      "confidence": 0.9012569785118103
    },
    {
      "text": "Oracle launches Business Integlligence 10g Oracle introduced a new BI platform yesterday, Business Intelligence 10g that rolls up into one solution all of their BI tools. However, more interesting tha",
      "true_label": 3,
      "pred_label": 2,
      "confidence": 0.9009244441986084
    },
    {
      "text": "IT Heavies Launch  quot;MegaGrid quot; Project SAN FRANCISCO -- Four mainstream IT companies are pooling resources to launch a standardized enterprise grid infrastructure based on their products.",
      "true_label": 3,
      "pred_label": 2,
      "confidence": 0.900249719619751
    },
    {
      "text": "Health Highlights: Aug. 28, 2004 A new drug that fights a form of age-related macular degeneration (AMD), a leading cause of blindness in the elderly, won applause if not approval from a panel of advi",
      "true_label": 2,
      "pred_label": 3,
      "confidence": 0.9001576900482178
    },
    {
      "text": "Soldiers' War Blogs Detail Life in Iraq Iraq war blogs are as varied as the soldiers who write them. Some sites feature practical news, war pictures and advice. Some are overtly political, with more s",
      "true_label": 3,
      "pred_label": 0,
      "confidence": 0.8992172479629517
    },
    {
      "text": "US economic growth slips to 2.8 Annual US economic growth fell to 2.8 in the second quarter of 2004, marking a slowdown from the 3 estimated a month ago.",
      "true_label": 0,
      "pred_label": 2,
      "confidence": 0.8987870216369629
    },
    {
      "text": "Half.com to continue at full speed This fourth priority #39;s main focus has been improving or obtaining CRM and ERP software for the past year and a half. Online auction giant eBay won #39;t be closi",
      "true_label": 3,
      "pred_label": 2,
      "confidence": 0.898719310760498
    },
    {
      "text": "Ballmer strikes big rivals from Microsoft shopping list LISBON - Customers watching for Microsoft Corp. to make a headline-grabbing buy in the business applications market faced disappointment Tuesday",
      "true_label": 3,
      "pred_label": 2,
      "confidence": 0.898586094379425
    },
    {
      "text": "Oracle Overhauls Sales-Side Apps for CRM Suite (NewsFactor) NewsFactor - Oracle (Nasdaq: ORCL) has revamped its sales-side CRM applications in version 11i.10 of its sales, marketing, partner relations",
      "true_label": 3,
      "pred_label": 2,
      "confidence": 0.898421585559845
    },
    {
      "text": "EU, US Talks on Aircraft Aid Grounded US and EU negotiators disagreed on Thursday about state aid for aircraft rivals Airbus and Boeing, winding up no closer on a sensitive issue that has gathered ste",
      "true_label": 2,
      "pred_label": 0,
      "confidence": 0.8981595039367676
    }
  ]
}